{"Average Elapsed Time (s)":4.2202719526,"Average Objective":25977.366666666665,"Best objectives":[26003.0,25944.0,25997.0,26020.0,25925.0,25912.0,25982.0,25953.0,25946.0,26055.0,25857.0,25925.0,25984.0,26121.0,26099.0,26020.0,26001.0,26025.0,26065.0,25861.0,25753.0,25989.0,26081.0,25905.0,26084.0,26038.0,25893.0,25953.0,26024.0,25906.0],"Repetitions":30}