{"Average Elapsed Time (s)":0.8491810373,"Average Objective":25289.766666666666,"Best objectives":[25242.0,25322.0,25351.0,25296.0,25225.0,25295.0,25303.0,25245.0,25336.0,25258.0,25334.0,25271.0,25244.0,25320.0,25227.0,25311.0,25246.0,25281.0,25294.0,25240.0,25327.0,25389.0,25274.0,25298.0,25329.0,25284.0,25211.0,25339.0,25290.0,25311.0],"Repetitions":30}