{"Average Elapsed Time (s)":1.5254901333333337,"Average Objective":25512.166666666668,"Best objectives":[25484.0,25494.0,25595.0,25477.0,25483.0,25532.0,25582.0,25455.0,25606.0,25545.0,25434.0,25574.0,25598.0,25616.0,25605.0,25546.0,25469.0,25414.0,25446.0,25491.0,25574.0,25446.0,25549.0,25496.0,25469.0,25570.0,25391.0,25435.0,25539.0,25450.0],"Repetitions":30}