{"Average Elapsed Time (s)":1.2496821887666667,"Average Objective":25451.566666666666,"Best objectives":[25470.0,25420.0,25434.0,25476.0,25382.0,25524.0,25365.0,25433.0,25403.0,25452.0,25294.0,25455.0,25511.0,25362.0,25456.0,25582.0,25551.0,25436.0,25495.0,25406.0,25493.0,25396.0,25362.0,25455.0,25471.0,25482.0,25425.0,25556.0,25532.0,25468.0],"Repetitions":30}