{"Average Elapsed Time (s)":4.905180242699998,"Average Objective":26102.366666666665,"Best objectives":[26165.0,26191.0,26106.0,26045.0,25846.0,26164.0,26093.0,26216.0,26125.0,26195.0,25785.0,26151.0,26201.0,26028.0,26025.0,25853.0,26074.0,26185.0,26176.0,26163.0,26213.0,26240.0,26152.0,26155.0,26152.0,26092.0,26036.0,26014.0,26106.0,26124.0],"Repetitions":30}