{"Average Elapsed Time (s)":2.596808494666667,"Average Objective":25660.166666666668,"Best objectives":[25733.0,25591.0,25777.0,25585.0,25760.0,25686.0,25725.0,25667.0,25603.0,25554.0,25632.0,25670.0,25715.0,25704.0,25633.0,25461.0,25748.0,25636.0,25670.0,25614.0,25631.0,25728.0,25523.0,25661.0,25731.0,25725.0,25630.0,25653.0,25678.0,25681.0],"Repetitions":30}