configuration,1,2,5,10,20,25
ParGA_PopSize100_Evals300K_MR_0.05_CR_0.8,11.9038454104,6.4871224538000005,3.3797554762000006,1.9133190698,1.0605445738000001,0.8627583696000001
