configuration,1,2,5,10,20,25
ParGA_PopSize100_Evals300K_MR_0.05_CR_0.8,11.912228407200004,6.4301623045,3.3601359602,1.9015435431,1.0579240885,0.8650619348000002
