configuration,1,2,5,10,20,25
ParGA_PopSize100_Evals300K_MR_0.1_CR_0.7,10.861042044800003,5.492958112800001,2.9822895315,1.6946965562999998,0.951726094,0.7817300314000001
ParGA_PopSize100_Evals300K_MR_0.05_CR_0.8,11.9038454104,6.4871224538000005,3.3797554762000006,1.9133190698,1.0605445738000001,0.8627583696000001
