configuration,1,2,5,10,20,25
ParGA_PopSize100_Evals300K_MR_0.1_CR_0.7,10.8651221984,5.5669902336,2.9732943442,1.7168375078,0.9680646680000002,0.7979787855
ParGA_PopSize100_Evals300K_MR_0.05_CR_0.8,11.912725369,6.3053901658000004,3.3840130175,1.9113066199000002,1.0614477754000002,0.8691623916
