configuration,1,2,5,10,20,25
ParGA_PopSize100_Evals300K_MR_0.1_CR_0.7,10.8521581001,5.657440148100001,3.0231239390000004,1.7069997479,0.9541656418000002,0.7865740026
ParGA_PopSize100_Evals300K_MR_0.05_CR_0.8,11.893814919799999,6.3846144206,3.3885784917,1.9137294973000003,1.0578589955,0.8633952096000002
