configuration,1,2,5,10,20,25
ParGA_PopSize100_Evals300K_MR_0.05_CR_0.8,11.9029927001,6.542478247500002,3.4655910014,1.9109680713000003,1.051727536,0.8587335355000001
