configuration,1,2,5,10,20,25
ParGA_PopSize100_Evals300K_MR_0.05_CR_0.8,11.893814919799999,6.3846144206,3.3885784917,1.9137294973000003,1.0578589955,0.8633952096000002
