configuration,1,2,5,10,20,25
ParGA_PopSize100_Evals300K_MR_0.05_CR_0.8,11.912725369,6.3053901658000004,3.3840130175,1.9113066199000002,1.0614477754000002,0.8691623916
