{"Average Elapsed Time (s)":1.2480797248000002,"Average Objective":24975.966666666667,"Best objectives":[24975.0,24976.0,24976.0,24976.0,24976.0,24976.0,24976.0,24976.0,24976.0,24976.0,24976.0,24976.0,24976.0,24976.0,24976.0,24976.0,24976.0,24976.0,24976.0,24976.0,24976.0,24976.0,24976.0,24976.0,24976.0,24976.0,24976.0,24976.0,24976.0,24976.0],"Repetitions":30}