{"Average Elapsed Time (s)":0.8962008007000001,"Average Objective":24975.833333333332,"Best objectives":[24976.0,24976.0,24976.0,24976.0,24976.0,24976.0,24976.0,24976.0,24976.0,24974.0,24976.0,24976.0,24975.0,24976.0,24976.0,24975.0,24976.0,24975.0,24976.0,24976.0,24976.0,24976.0,24976.0,24976.0,24976.0,24976.0,24976.0,24976.0,24976.0,24976.0],"Repetitions":30}