{"Average Elapsed Time (s)":0.8590944167333334,"Average Objective":24975.666666666668,"Best objectives":[24976.0,24976.0,24976.0,24975.0,24975.0,24976.0,24976.0,24976.0,24976.0,24976.0,24974.0,24976.0,24974.0,24975.0,24976.0,24976.0,24976.0,24976.0,24976.0,24976.0,24976.0,24976.0,24976.0,24976.0,24976.0,24976.0,24976.0,24976.0,24975.0,24974.0],"Repetitions":30}