{"Average Elapsed Time (s)":7.206209078733333,"Average Evolution":[[300000,14980.0]],"Average Objective":15759.166666666666,"Repetitions":30}