{"Average Elapsed Time (s)":1.3736255512999995,"Average Evolution":[],"Average Objective":3089.133333333333,"Best objectives":[3110.0,3069.0,3063.0,3063.0,3081.0,3112.0,3087.0,3071.0,3103.0,3063.0,3079.0,3101.0,3113.0,3102.0,3122.0,3099.0,3062.0,3056.0,3063.0,3084.0,3103.0,3123.0,3073.0,3123.0,3097.0,3105.0,3087.0,3079.0,3079.0,3102.0],"Repetitions":30}