{"Average Elapsed Time (s)":0.8368624039333333,"Average Evolution":[[300000,1579.0]],"Average Objective":1664.8666666666666,"Repetitions":30}