{"Average Elapsed Time (s)":1.5963691630666668,"Average Evolution":[[300000,90360.0]],"Average Objective":3163.133333333333,"Repetitions":30}