{"Average Elapsed Time (s)":1.5970028618333338,"Average Evolution":[],"Average Objective":3187.366666666667,"Best objectives":[3203.0,3183.0,3193.0,3169.0,3162.0,3153.0,3202.0,3203.0,3193.0,3177.0,3202.0,3173.0,3189.0,3203.0,3193.0,3153.0,3203.0,3203.0,3183.0,3183.0,3193.0,3203.0,3211.0,3183.0,3173.0,3193.0,3183.0,3193.0,3173.0,3193.0],"Repetitions":30}