{"Average Elapsed Time (s)":0.8432268044,"Average Evolution":[[300000,48150.0]],"Average Objective":1649.3666666666666,"Repetitions":30}