{"Average Elapsed Time (s)":0.9580286631333333,"Average Evolution":[[300000,47280.0]],"Average Objective":1664.2333333333333,"Repetitions":30}