{"Average Elapsed Time (s)":1.4835223794999997,"Average Evolution":[],"Average Objective":3164.9333333333334,"Best objectives":[3123.0,3182.0,3153.0,3193.0,3183.0,3141.0,3172.0,3163.0,3143.0,3163.0,3183.0,3163.0,3173.0,3164.0,3193.0,3171.0,3173.0,3153.0,3153.0,3183.0,3153.0,3172.0,3132.0,3153.0,3153.0,3183.0,3163.0,3200.0,3153.0,3161.0],"Repetitions":30}