{"Average Elapsed Time (s)":1.3662562629666666,"Average Evolution":[[300000,3080.0]],"Average Objective":3146.633333333333,"Repetitions":30}