{"Average Elapsed Time (s)":1.7101015809666673,"Average Evolution":[[300000,91440.0]],"Average Objective":3139.0333333333333,"Repetitions":30}