{"Average Elapsed Time (s)":14.003509521233335,"Average Evolution":[[300000,902880.0]],"Average Objective":31648.066666666666,"Repetitions":30}