{"Average Elapsed Time (s)":0.8943144767666669,"Average Evolution":[[300000,1614.0]],"Average Objective":1671.5666666666666,"Repetitions":30}