{"Average Elapsed Time (s)":7.174849713066667,"Average Evolution":[[300000,447390.0]],"Average Objective":15579.033333333333,"Repetitions":30}