{"Average Elapsed Time (s)":10.982365472166666,"Average Evolution":[],"Average Objective":30322.466666666667,"Best objectives":[30230.0,30545.0,30120.0,30262.0,30357.0,30274.0,30284.0,30217.0,30345.0,30325.0,30284.0,30255.0,30425.0,30149.0,30326.0,30246.0,30285.0,30386.0,30256.0,30344.0,30363.0,30506.0,30344.0,30404.0,30151.0,30503.0,30415.0,30344.0,30436.0,30293.0],"Repetitions":30}