{"Average Elapsed Time (s)":7.246753240100001,"Average Evolution":[],"Average Objective":15574.033333333333,"Best objectives":[15514.0,15566.0,15606.0,15586.0,15606.0,15586.0,15626.0,15663.0,15676.0,15616.0,15646.0,15637.0,15576.0,15596.0,15486.0,15636.0,15596.0,15626.0,15426.0,15516.0,15406.0,15566.0,15576.0,15596.0,15526.0,15636.0,15476.0,15556.0,15551.0,15546.0],"Repetitions":30}