{"Average Elapsed Time (s)":1.0098043017666667,"Average Evolution":[[300000,1594.0]],"Average Objective":1684.9666666666667,"Repetitions":30}