{"Average Elapsed Time (s)":0.9520594665000002,"Average Evolution":[],"Average Objective":1666.3333333333333,"Best objectives":[1655.0,1675.0,1645.0,1675.0,1674.0,1675.0,1655.0,1685.0,1665.0,1673.0,1654.0,1665.0,1665.0,1655.0,1665.0,1675.0,1665.0,1655.0,1665.0,1665.0,1665.0,1675.0,1673.0,1655.0,1675.0,1674.0,1662.0,1665.0,1665.0,1675.0],"Repetitions":30}