{"Average Elapsed Time (s)":6.144444292466669,"Average Evolution":[[300000,14956.0]],"Average Objective":15333.766666666666,"Repetitions":30}