{"Average Elapsed Time (s)":1.4853129679666672,"Average Evolution":[],"Average Objective":3103.5666666666666,"Best objectives":[3119.0,3088.0,3102.0,3061.0,3112.0,3142.0,3093.0,3121.0,3101.0,3083.0,3123.0,3091.0,3113.0,3107.0,3107.0,3103.0,3112.0,3123.0,3123.0,3138.0,3113.0,3103.0,3081.0,3113.0,3063.0,3090.0,3083.0,3090.0,3087.0,3122.0],"Repetitions":30}