{"Average Elapsed Time (s)":6.148392457366667,"Average Evolution":[[300000,14874.0]],"Average Objective":15120.033333333333,"Repetitions":30}