{"Average Elapsed Time (s)":1.0099075149333334,"Average Evolution":[[300000,1604.0]],"Average Objective":1684.2333333333333,"Repetitions":30}