{"Average Elapsed Time (s)":1.4876925442000002,"Average Evolution":[[300000,90420.0]],"Average Objective":3161.133333333333,"Repetitions":30}