{"Average Elapsed Time (s)":5.6180227537666685,"Average Evolution":[[300000,14975.0]],"Average Objective":15178.033333333333,"Repetitions":30}