{"Average Elapsed Time (s)":10.9233347187,"Average Evolution":[[300000,30031.0]],"Average Objective":30453.033333333333,"Repetitions":30}