{"Average Elapsed Time (s)":7.1803063391999995,"Average Evolution":[[300000,448260.0]],"Average Objective":15261.333333333334,"Repetitions":30}