{"Average Elapsed Time (s)":1.0135360455333333,"Average Evolution":[],"Average Objective":1653.5333333333333,"Best objectives":[1612.0,1665.0,1655.0,1643.0,1655.0,1655.0,1665.0,1638.0,1663.0,1655.0,1655.0,1665.0,1665.0,1635.0,1635.0,1645.0,1655.0,1663.0,1655.0,1680.0,1665.0,1674.0,1643.0,1645.0,1645.0,1635.0,1645.0,1665.0,1665.0,1665.0],"Repetitions":30}