{"Average Elapsed Time (s)":13.029013598566669,"Average Evolution":[[300000,29982.0]],"Average Objective":30563.533333333333,"Repetitions":30}