{"Average Elapsed Time (s)":1.4819751743666671,"Average Evolution":[],"Average Objective":3134.8333333333335,"Best objectives":[3123.0,3133.0,3173.0,3102.0,3183.0,3143.0,3143.0,3122.0,3073.0,3143.0,3123.0,3132.0,3142.0,3112.0,3123.0,3123.0,3112.0,3157.0,3132.0,3173.0,3141.0,3143.0,3103.0,3152.0,3123.0,3153.0,3128.0,3133.0,3133.0,3169.0],"Repetitions":30}