{"Average Elapsed Time (s)":12.048681256933337,"Average Evolution":[],"Average Objective":30450.066666666666,"Best objectives":[30440.0,30485.0,30464.0,30266.0,30366.0,30536.0,30456.0,30533.0,30635.0,30586.0,30466.0,30336.0,30343.0,30523.0,30426.0,30335.0,30304.0,30395.0,30536.0,30566.0,30426.0,30526.0,30476.0,30446.0,30486.0,30376.0,30556.0,30456.0,30272.0,30485.0],"Repetitions":30}