{"Average Elapsed Time (s)":1.5991770409999997,"Average Evolution":[[300000,92100.0]],"Average Objective":3188.0666666666666,"Repetitions":30}