{"Average Elapsed Time (s)":0.8431160721000001,"Average Evolution":[[300000,48000.0]],"Average Objective":1661.2666666666667,"Repetitions":30}