{"Average Elapsed Time (s)":14.086233721433336,"Average Evolution":[[300000,29965.0]],"Average Objective":31618.433333333334,"Repetitions":30}