{"Average Elapsed Time (s)":1.5941520379,"Average Evolution":[],"Average Objective":3158.5333333333333,"Best objectives":[3143.0,3143.0,3146.0,3133.0,3182.0,3113.0,3193.0,3173.0,3161.0,3186.0,3183.0,3152.0,3183.0,3142.0,3172.0,3193.0,3193.0,3162.0,3153.0,3163.0,3153.0,3132.0,3129.0,3161.0,3143.0,3133.0,3123.0,3193.0,3157.0,3163.0],"Repetitions":30}