{"Average Elapsed Time (s)":1.0103071024,"Average Evolution":[[300000,1601.0]],"Average Objective":1678.3333333333333,"Repetitions":30}