{"Average Elapsed Time (s)":0.9524179539999997,"Average Evolution":[[300000,1620.0]],"Average Objective":1667.0666666666666,"Repetitions":30}