{"Average Elapsed Time (s)":5.6431781738666675,"Average Evolution":[],"Average Objective":15266.166666666666,"Best objectives":[15265.0,15255.0,15275.0,15133.0,15356.0,15335.0,15286.0,15316.0,15270.0,15171.0,15306.0,15306.0,15346.0,15266.0,15226.0,15225.0,15246.0,15266.0,15327.0,15276.0,15246.0,15256.0,15246.0,15256.0,15176.0,15316.0,15229.0,15256.0,15276.0,15276.0],"Repetitions":30}