{"Average Elapsed Time (s)":6.6509065545,"Average Evolution":[[300000,450090.0]],"Average Objective":15436.366666666667,"Repetitions":30}