{"Average Elapsed Time (s)":1.0166362846666668,"Average Evolution":[[300000,48630.0]],"Average Objective":1684.0666666666666,"Repetitions":30}