{"Average Elapsed Time (s)":6.675842475833334,"Average Evolution":[[300000,15019.0]],"Average Objective":15459.466666666667,"Repetitions":30}