{"Average Elapsed Time (s)":7.2460341003333335,"Average Evolution":[],"Average Objective":15761.766666666666,"Best objectives":[15806.0,15776.0,15706.0,15766.0,15746.0,15796.0,15786.0,15782.0,15776.0,15726.0,15786.0,15736.0,15746.0,15803.0,15756.0,15796.0,15716.0,15756.0,15796.0,15716.0,15786.0,15756.0,15806.0,15806.0,15756.0,15746.0,15696.0,15706.0,15746.0,15776.0],"Repetitions":30}