{"Average Elapsed Time (s)":10.982547713600002,"Average Evolution":[],"Average Objective":30410.233333333334,"Best objectives":[30434.0,30636.0,30436.0,30476.0,30367.0,30216.0,30566.0,30368.0,30485.0,30416.0,30330.0,30366.0,30400.0,30466.0,30383.0,30476.0,30406.0,30516.0,30315.0,30264.0,30506.0,30536.0,30416.0,30376.0,30266.0,30556.0,30370.0,30466.0,30227.0,30266.0],"Repetitions":30}