{"Average Elapsed Time (s)":1.6992565679,"Average Evolution":[[300000,3038.0]],"Average Objective":3139.266666666667,"Repetitions":30}