{"Average Elapsed Time (s)":0.8387735508333333,"Average Evolution":[],"Average Objective":1626.7666666666667,"Best objectives":[1620.0,1660.0,1614.0,1624.0,1643.0,1632.0,1623.0,1595.0,1643.0,1625.0,1594.0,1602.0,1613.0,1615.0,1624.0,1625.0,1635.0,1645.0,1620.0,1606.0,1625.0,1622.0,1655.0,1640.0,1624.0,1632.0,1624.0,1653.0,1630.0,1640.0],"Repetitions":30}