{"Average Elapsed Time (s)":11.97653153086667,"Average Evolution":[[300000,29965.0]],"Average Objective":30234.966666666667,"Repetitions":30}