{"Average Elapsed Time (s)":0.9020031932,"Average Evolution":[[300000,48510.0]],"Average Objective":1632.6333333333334,"Repetitions":30}