{"Average Elapsed Time (s)":12.948674874533333,"Average Evolution":[[300000,903210.0]],"Average Objective":30737.133333333335,"Repetitions":30}