{"Average Elapsed Time (s)":14.166168790299997,"Average Evolution":[],"Average Objective":31626.233333333334,"Best objectives":[31646.0,31626.0,31645.0,31716.0,31626.0,31636.0,31645.0,31576.0,31656.0,31641.0,31636.0,31626.0,31616.0,31596.0,31686.0,31646.0,31683.0,31576.0,31596.0,31606.0,31716.0,31666.0,31555.0,31706.0,31696.0,31646.0,31176.0,31694.0,31646.0,31606.0],"Repetitions":30}