{"Average Elapsed Time (s)":1.7058529340000002,"Average Evolution":[],"Average Objective":3217.9666666666667,"Best objectives":[3213.0,3213.0,3213.0,3213.0,3213.0,3223.0,3223.0,3223.0,3223.0,3213.0,3213.0,3223.0,3223.0,3213.0,3213.0,3223.0,3213.0,3223.0,3223.0,3213.0,3223.0,3213.0,3213.0,3212.0,3223.0,3213.0,3223.0,3223.0,3223.0,3223.0],"Repetitions":30}