{"Average Elapsed Time (s)":0.8991400247999999,"Average Evolution":[[300000,48360.0]],"Average Objective":1672.0666666666666,"Repetitions":30}