{"Average Elapsed Time (s)":12.955546841700002,"Average Evolution":[[300000,898440.0]],"Average Objective":30536.366666666665,"Repetitions":30}