{"Average Elapsed Time (s)":14.087816691233337,"Average Evolution":[[300000,29922.0]],"Average Objective":31034.266666666666,"Repetitions":30}