{"Average Elapsed Time (s)":14.005493384933335,"Average Evolution":[[300000,896340.0]],"Average Objective":30463.566666666666,"Repetitions":30}