{"Average Elapsed Time (s)":1.7075671005000002,"Average Evolution":[],"Average Objective":3144.766666666667,"Best objectives":[3153.0,3143.0,3123.0,3163.0,3133.0,3153.0,3113.0,3163.0,3133.0,3122.0,3183.0,3143.0,3173.0,3111.0,3173.0,3163.0,3143.0,3143.0,3163.0,3133.0,3133.0,3173.0,3153.0,3163.0,3092.0,3083.0,3143.0,3153.0,3151.0,3172.0],"Repetitions":30}