{"Average Elapsed Time (s)":1.0117205712333335,"Average Evolution":[[300000,1604.0]],"Average Objective":1653.4333333333334,"Repetitions":30}