{"Average Elapsed Time (s)":1.7071871429333334,"Average Evolution":[],"Average Objective":3206.766666666667,"Best objectives":[3198.0,3213.0,3223.0,3213.0,3223.0,3223.0,3203.0,3213.0,3213.0,3193.0,3213.0,3211.0,3213.0,3213.0,3223.0,3193.0,3193.0,3173.0,3183.0,3213.0,3203.0,3223.0,3213.0,3213.0,3213.0,3213.0,3203.0,3183.0,3203.0,3193.0],"Repetitions":30}