{"Average Elapsed Time (s)":0.9522713430333334,"Average Evolution":[],"Average Objective":1679.3666666666666,"Best objectives":[1675.0,1685.0,1685.0,1685.0,1685.0,1685.0,1685.0,1675.0,1685.0,1675.0,1675.0,1675.0,1675.0,1654.0,1685.0,1665.0,1685.0,1682.0,1685.0,1684.0,1685.0,1675.0,1685.0,1675.0,1684.0,1673.0,1674.0,1685.0,1675.0,1685.0],"Repetitions":30}