{"Average Elapsed Time (s)":1.3838965754333337,"Average Evolution":[[300000,92280.0]],"Average Objective":3155.8333333333335,"Repetitions":30}