{"Average Elapsed Time (s)":1.4764619437333333,"Average Evolution":[[300000,3046.0]],"Average Objective":3160.0666666666666,"Repetitions":30}