{"Average Elapsed Time (s)":0.9587779929000001,"Average Evolution":[[300000,48510.0]],"Average Objective":1679.4333333333334,"Repetitions":30}