{"Average Elapsed Time (s)":6.146195986300001,"Average Evolution":[[300000,15028.0]],"Average Objective":15229.133333333333,"Repetitions":30}