{"Average Elapsed Time (s)":6.6584031169000015,"Average Evolution":[[300000,449040.0]],"Average Objective":15169.666666666666,"Repetitions":30}