{"Average Elapsed Time (s)":1.3652086728666666,"Average Evolution":[[300000,3063.0]],"Average Objective":3155.133333333333,"Repetitions":30}