{"Average Elapsed Time (s)":1.3706157214333332,"Average Evolution":[],"Average Objective":3157.233333333333,"Best objectives":[3162.0,3121.0,3123.0,3153.0,3182.0,3163.0,3163.0,3192.0,3153.0,3143.0,3153.0,3162.0,3173.0,3163.0,3122.0,3173.0,3163.0,3151.0,3163.0,3150.0,3183.0,3173.0,3153.0,3163.0,3123.0,3173.0,3153.0,3173.0,3152.0,3143.0],"Repetitions":30}