{"Average Elapsed Time (s)":13.105163820000001,"Average Evolution":[],"Average Objective":30714.733333333334,"Best objectives":[30616.0,30506.0,30615.0,30686.0,31016.0,30655.0,30656.0,30726.0,30716.0,30856.0,30685.0,30832.0,30686.0,30996.0,30916.0,30746.0,30846.0,30896.0,30555.0,30696.0,30576.0,30836.0,30616.0,30546.0,30426.0,30576.0,30706.0,30726.0,30596.0,30936.0],"Repetitions":30}