{"Average Elapsed Time (s)":11.907806964133334,"Average Evolution":[[300000,899700.0]],"Average Objective":30231.966666666667,"Repetitions":30}