{"Average Elapsed Time (s)":5.615818379133335,"Average Evolution":[[300000,14934.0]],"Average Objective":15331.266666666666,"Repetitions":30}