{"Average Elapsed Time (s)":10.976530861066669,"Average Evolution":[],"Average Objective":30503.833333333332,"Best objectives":[30476.0,30406.0,30566.0,30343.0,30486.0,30494.0,30386.0,30546.0,30505.0,30536.0,30556.0,30496.0,30615.0,30556.0,30416.0,30576.0,30436.0,30506.0,30626.0,30696.0,30426.0,30396.0,30616.0,30526.0,30426.0,30320.0,30576.0,30406.0,30706.0,30494.0],"Repetitions":30}