{"Average Elapsed Time (s)":0.8998843478333334,"Average Evolution":[[300000,47370.0]],"Average Objective":1656.2333333333333,"Repetitions":30}