{"Average Elapsed Time (s)":13.040886713366667,"Average Evolution":[[300000,30013.0]],"Average Objective":30949.866666666665,"Repetitions":30}