{"Average Elapsed Time (s)":6.121314402099999,"Average Evolution":[[300000,448800.0]],"Average Objective":15410.866666666667,"Repetitions":30}