{"Average Elapsed Time (s)":12.962106859766667,"Average Evolution":[[300000,901110.0]],"Average Objective":30338.966666666667,"Repetitions":30}