{"Average Elapsed Time (s)":1.5898829081666668,"Average Evolution":[[300000,3049.0]],"Average Objective":3108.4333333333334,"Repetitions":30}