{"Average Elapsed Time (s)":11.991129648600001,"Average Evolution":[[300000,30164.0]],"Average Objective":30697.366666666665,"Repetitions":30}