{"Average Elapsed Time (s)":6.652541817833334,"Average Evolution":[[300000,450420.0]],"Average Objective":15321.266666666666,"Repetitions":30}