{"Average Elapsed Time (s)":11.974550735666663,"Average Evolution":[[300000,30011.0]],"Average Objective":30378.366666666665,"Repetitions":30}