{"Average Elapsed Time (s)":14.170014214766663,"Average Evolution":[],"Average Objective":31419.666666666668,"Best objectives":[31356.0,31486.0,31446.0,31446.0,31196.0,31446.0,31286.0,31366.0,31516.0,31236.0,31456.0,31486.0,31466.0,31486.0,31436.0,31086.0,31526.0,31406.0,31316.0,31496.0,31466.0,31406.0,31426.0,31476.0,31456.0,31506.0,31496.0,31466.0,31546.0,31406.0],"Repetitions":30}