{"Average Elapsed Time (s)":6.675765654166667,"Average Evolution":[[300000,14950.0]],"Average Objective":15345.033333333333,"Repetitions":30}