{"Average Elapsed Time (s)":0.9549783566,"Average Evolution":[[300000,1594.0]],"Average Objective":1649.2333333333333,"Repetitions":30}