{"Average Elapsed Time (s)":11.9716598787,"Average Evolution":[[300000,29976.0]],"Average Objective":30565.266666666666,"Repetitions":30}