{"Average Elapsed Time (s)":14.166312057766667,"Average Evolution":[],"Average Objective":31021.933333333334,"Best objectives":[31046.0,31016.0,31106.0,30796.0,31055.0,30694.0,30866.0,31006.0,30988.0,31116.0,31166.0,30886.0,30955.0,31056.0,31086.0,31106.0,31006.0,31026.0,31146.0,31026.0,31176.0,31056.0,31066.0,31066.0,31096.0,31096.0,30856.0,30936.0,31026.0,31136.0],"Repetitions":30}