{"Average Elapsed Time (s)":1.6963801260000002,"Average Evolution":[[300000,3061.0]],"Average Objective":3215.8333333333335,"Repetitions":30}