{"Average Elapsed Time (s)":5.615091115033334,"Average Evolution":[[300000,15039.0]],"Average Objective":15252.666666666666,"Repetitions":30}