{"Average Elapsed Time (s)":14.002775473266666,"Average Evolution":[[300000,897030.0]],"Average Objective":31422.733333333334,"Repetitions":30}