{"Average Elapsed Time (s)":0.8390842848666669,"Average Evolution":[[300000,1593.0]],"Average Objective":1631.0666666666666,"Repetitions":30}