{"Average Elapsed Time (s)":1.383137649933333,"Average Evolution":[[300000,90630.0]],"Average Objective":3092.3333333333335,"Repetitions":30}