{"Average Elapsed Time (s)":1.4774115845999998,"Average Evolution":[[300000,3021.0]],"Average Objective":3178.1666666666665,"Repetitions":30}