{"Average Elapsed Time (s)":5.597531338000001,"Average Evolution":[[300000,448050.0]],"Average Objective":15193.833333333334,"Repetitions":30}