{"Average Elapsed Time (s)":10.916477563533332,"Average Evolution":[[300000,30019.0]],"Average Objective":30335.966666666667,"Repetitions":30}