{"Average Elapsed Time (s)":1.5866541372666663,"Average Evolution":[[300000,3070.0]],"Average Objective":3200.133333333333,"Repetitions":30}