{"Average Elapsed Time (s)":1.5877805887333332,"Average Evolution":[[300000,3066.0]],"Average Objective":3159.9333333333334,"Repetitions":30}