{"Average Elapsed Time (s)":5.6057335567000015,"Average Evolution":[[300000,449790.0]],"Average Objective":15087.533333333333,"Repetitions":30}