{"Average Elapsed Time (s)":0.8365794743,"Average Evolution":[],"Average Objective":1650.2333333333333,"Best objectives":[1645.0,1655.0,1654.0,1650.0,1675.0,1652.0,1644.0,1662.0,1655.0,1655.0,1652.0,1631.0,1665.0,1655.0,1644.0,1655.0,1655.0,1635.0,1634.0,1655.0,1662.0,1655.0,1635.0,1621.0,1673.0,1635.0,1635.0,1642.0,1652.0,1669.0],"Repetitions":30}