{"Average Elapsed Time (s)":12.953477447866666,"Average Evolution":[[300000,901650.0]],"Average Objective":30920.033333333333,"Repetitions":30}