{"Algorithm":{"Algorithm":"Parallel Genetic Algorithm","Cores":1,"Crossover":"Uniform One Crossover","Crossover Rate":0.800000011920929,"Elapsed Time":1.485148815,"Evaluator":"Parallel OMP Population Evaluator","Max Evaluations":300000,"Mutation":"Uniform One Mutation","Mutation Rate":0.01,"Population Size":40,"Selection":"Binary Tournament Selection"},"Evolution":[[300000,3031.0]],"Problem":{"Capacity":2533,"Constraints":1,"Dimension":100,"Instance":"/home/amarrero/CEC-2021-Parallel-GA-KNP/instances/StronglyCorrelated/StronglyCorrelated_N_100_R_100_0.kp","Lower Limit":0.0,"Name":"Knapsack Problem","Objectives":1,"Profits":[41,27,50,50,104,30,12,99,24,54,91,61,59,109,97,37,103,12,78,98,33,14,48,107,97,41,58,56,46,51,48,88,24,104,103,58,56,51,78,59,57,76,88,57,72,58,95,100,69,27,33,79,91,72,50,18,85,14,26,81,92,31,50,82,14,75,75,67,22,71,25,58,13,81,39,106,52,81,26,76,53,69,99,53,15,83,61,93,34,31,53,31,29,57,108,55,64,86,100,53],"Upper Limit":1.0,"Weights":[31,17,40,40,94,20,2,89,14,44,81,51,49,99,87,27,93,2,68,88,23,4,38,97,87,31,48,46,36,41,38,78,14,94,93,48,46,41,68,49,47,66,78,47,62,48,85,90,59,17,23,69,81,62,40,8,75,4,16,71,82,21,40,72,4,65,65,57,12,61,15,48,3,71,29,96,42,71,16,66,43,59,89,43,5,73,51,83,24,21,43,21,19,47,98,45,54,76,90,43]},"Results":{"Constraints":[[0.0]],"Number of Solutions":1,"Objectives":[[3130.0]],"Variables":[[1,0,1,0,0,1,1,0,1,1,0,1,1,1,0,1,1,1,1,0,0,0,0,0,0,1,0,1,1,1,1,0,1,1,1,0,0,1,0,0,0,1,1,0,0,1,0,1,1,1,1,0,1,1,1,1,0,1,1,1,0,0,1,0,1,0,1,1,1,1,1,1,1,1,1,0,1,0,1,0,1,0,0,1,1,0,0,0,1,0,1,1,1,0,0,1,1,0,1,1]]}}