{"Average Elapsed Time (s)":7.201340381333335,"Average Evolution":[[300000,14923.0]],"Average Objective":15577.166666666666,"Repetitions":30}