{"Average Elapsed Time (s)":5.615190755033334,"Average Evolution":[[300000,14805.0]],"Average Objective":15090.566666666668,"Repetitions":30}