{"Average Elapsed Time (s)":1.5975736169666666,"Average Evolution":[[300000,91560.0]],"Average Objective":3199.1666666666665,"Repetitions":30}