{"Average Elapsed Time (s)":0.9529293975,"Average Evolution":[[300000,1618.0]],"Average Objective":1678.2333333333333,"Repetitions":30}