{"Average Elapsed Time (s)":6.123254488966667,"Average Evolution":[[300000,449640.0]],"Average Objective":15113.966666666667,"Repetitions":30}