{"Average Elapsed Time (s)":6.120676815666667,"Average Evolution":[[300000,449490.0]],"Average Objective":15345.266666666666,"Repetitions":30}