{"Average Elapsed Time (s)":5.599581412333334,"Average Evolution":[[300000,450090.0]],"Average Objective":15263.133333333333,"Repetitions":30}