{"Average Elapsed Time (s)":7.2064071523666655,"Average Evolution":[[300000,14976.0]],"Average Objective":15837.866666666667,"Repetitions":30}