{"Average Elapsed Time (s)":0.9582514187666668,"Average Evolution":[[300000,47880.0]],"Average Objective":1672.5666666666666,"Repetitions":30}