{"Average Elapsed Time (s)":10.86343322116667,"Average Evolution":[[300000,899100.0]],"Average Objective":30345.733333333334,"Repetitions":30}