{"Average Elapsed Time (s)":5.6028938887,"Average Evolution":[[300000,448260.0]],"Average Objective":15311.433333333332,"Repetitions":30}