{"Average Elapsed Time (s)":6.181253881966667,"Average Evolution":[],"Average Objective":15233.233333333334,"Best objectives":[15250.0,15176.0,15215.0,15146.0,15266.0,15205.0,15326.0,15195.0,15213.0,15204.0,15236.0,15366.0,15186.0,15256.0,15276.0,15266.0,15295.0,15094.0,15264.0,15209.0,15243.0,15243.0,15165.0,15156.0,15266.0,15266.0,15296.0,15276.0,15206.0,15236.0],"Repetitions":30}