{"Average Elapsed Time (s)":1.0179504095333334,"Average Evolution":[[300000,48420.0]],"Average Objective":1659.6333333333334,"Repetitions":30}