{"Average Elapsed Time (s)":1.6013483470333334,"Average Evolution":[[300000,90120.0]],"Average Objective":3111.0333333333333,"Repetitions":30}