{"Average Elapsed Time (s)":0.9528899247666671,"Average Evolution":[[300000,1608.0]],"Average Objective":1675.7666666666667,"Repetitions":30}