{"Average Elapsed Time (s)":7.168178477966667,"Average Evolution":[[300000,451020.0]],"Average Objective":15755.333333333334,"Repetitions":30}