{"Average Elapsed Time (s)":7.207443614733333,"Average Evolution":[[300000,14855.0]],"Average Objective":15278.466666666667,"Repetitions":30}