{"Average Elapsed Time (s)":0.8997060687666667,"Average Evolution":[[300000,48150.0]],"Average Objective":1664.5333333333333,"Repetitions":30}