{"Average Elapsed Time (s)":1.7068089215666666,"Average Evolution":[[300000,91440.0]],"Average Objective":3199.8333333333335,"Repetitions":30}