{"Average Elapsed Time (s)":1.3680555247666668,"Average Evolution":[[300000,3009.0]],"Average Objective":3092.633333333333,"Repetitions":30}