{"Average Elapsed Time (s)":6.6800583597333345,"Average Evolution":[[300000,14974.0]],"Average Objective":15180.166666666666,"Repetitions":30}