{"Average Elapsed Time (s)":0.8957953275333335,"Average Evolution":[[300000,1345.0]],"Average Objective":1344.9666666666667,"Repetitions":30}