{"Average Elapsed Time (s)":1.4874085876999998,"Average Evolution":[],"Average Objective":2532.866666666667,"Best objectives":[2533.0,2533.0,2533.0,2532.0,2532.0,2533.0,2533.0,2533.0,2533.0,2533.0,2533.0,2533.0,2533.0,2533.0,2533.0,2533.0,2533.0,2533.0,2533.0,2533.0,2533.0,2533.0,2533.0,2533.0,2533.0,2533.0,2532.0,2533.0,2533.0,2532.0],"Repetitions":30}