{"Average Elapsed Time (s)":1.3859425772000005,"Average Evolution":[[300000,75840.0]],"Average Objective":2532.733333333333,"Repetitions":30}