{"Average Elapsed Time (s)":1.5956485731,"Average Evolution":[],"Average Objective":2532.9333333333334,"Best objectives":[2533.0,2533.0,2533.0,2533.0,2533.0,2533.0,2533.0,2533.0,2533.0,2533.0,2533.0,2533.0,2533.0,2533.0,2533.0,2532.0,2533.0,2533.0,2533.0,2533.0,2533.0,2533.0,2533.0,2533.0,2533.0,2533.0,2533.0,2533.0,2533.0,2532.0],"Repetitions":30}