{"Average Elapsed Time (s)":10.852411685733333,"Average Evolution":[[300000,748320.0]],"Average Objective":24975.266666666666,"Repetitions":30}