{"Average Elapsed Time (s)":1.4785035976333336,"Average Evolution":[[300000,2464.0]],"Average Objective":2532.9333333333334,"Repetitions":30}