{"Average Elapsed Time (s)":5.617390322933335,"Average Evolution":[[300000,12426.0]],"Average Objective":12445.966666666667,"Repetitions":30}