{"Average Elapsed Time (s)":11.895973387700002,"Average Evolution":[[300000,748890.0]],"Average Objective":24975.733333333334,"Repetitions":30}