{"Average Elapsed Time (s)":6.176993885833335,"Average Evolution":[],"Average Objective":12445.933333333332,"Best objectives":[12446.0,12446.0,12446.0,12446.0,12446.0,12446.0,12446.0,12446.0,12446.0,12446.0,12446.0,12446.0,12445.0,12446.0,12446.0,12446.0,12446.0,12446.0,12446.0,12446.0,12446.0,12446.0,12446.0,12445.0,12446.0,12446.0,12446.0,12446.0,12446.0,12446.0],"Repetitions":30}