{"Average Elapsed Time (s)":6.144706449233335,"Average Evolution":[[300000,12407.0]],"Average Objective":12445.933333333332,"Repetitions":30}