{"Average Elapsed Time (s)":1.6007780483,"Average Evolution":[[300000,75720.0]],"Average Objective":2532.9666666666667,"Repetitions":30}