{"Average Elapsed Time (s)":5.6417739881000015,"Average Evolution":[],"Average Objective":12445.966666666667,"Best objectives":[12446.0,12446.0,12446.0,12446.0,12446.0,12445.0,12446.0,12446.0,12446.0,12446.0,12446.0,12446.0,12446.0,12446.0,12446.0,12446.0,12446.0,12446.0,12446.0,12446.0,12446.0,12446.0,12446.0,12446.0,12446.0,12446.0,12446.0,12446.0,12446.0,12446.0],"Repetitions":30}