{"Average Elapsed Time (s)":11.972401566966669,"Average Evolution":[[300000,24971.0]],"Average Objective":24975.966666666667,"Repetitions":30}