{"Average Elapsed Time (s)":11.901657635800001,"Average Evolution":[[300000,749160.0]],"Average Objective":24975.866666666665,"Repetitions":30}