{"Average Elapsed Time (s)":0.8378145648333334,"Average Evolution":[],"Average Objective":1344.7666666666667,"Best objectives":[1345.0,1345.0,1345.0,1345.0,1343.0,1345.0,1345.0,1345.0,1345.0,1345.0,1344.0,1345.0,1345.0,1342.0,1345.0,1345.0,1345.0,1345.0,1345.0,1345.0,1345.0,1345.0,1345.0,1345.0,1345.0,1345.0,1345.0,1345.0,1345.0,1344.0],"Repetitions":30}