{"Average Elapsed Time (s)":5.589717938633333,"Average Evolution":[[300000,373170.0]],"Average Objective":12445.933333333332,"Repetitions":30}