{"Average Elapsed Time (s)":0.8378139295,"Average Evolution":[[300000,1344.0]],"Average Objective":1344.9666666666667,"Repetitions":30}