{"Average Elapsed Time (s)":1.3730672613000003,"Average Evolution":[],"Average Objective":2532.633333333333,"Best objectives":[2533.0,2533.0,2533.0,2533.0,2533.0,2533.0,2533.0,2533.0,2533.0,2530.0,2533.0,2533.0,2531.0,2533.0,2533.0,2533.0,2533.0,2532.0,2533.0,2532.0,2531.0,2533.0,2532.0,2533.0,2533.0,2533.0,2532.0,2533.0,2533.0,2533.0],"Repetitions":30}