{"Average Elapsed Time (s)":5.588825026566667,"Average Evolution":[[300000,373350.0]],"Average Objective":12445.733333333334,"Repetitions":30}