{"Average Elapsed Time (s)":10.974230219500003,"Average Evolution":[],"Average Objective":24974.366666666665,"Best objectives":[24973.0,24976.0,24974.0,24976.0,24972.0,24970.0,24975.0,24975.0,24976.0,24976.0,24976.0,24975.0,24976.0,24976.0,24970.0,24975.0,24973.0,24967.0,24975.0,24976.0,24973.0,24974.0,24976.0,24976.0,24976.0,24976.0,24976.0,24970.0,24976.0,24976.0],"Repetitions":30}