{"Average Elapsed Time (s)":0.839806079766667,"Average Evolution":[[300000,1342.0]],"Average Objective":1344.7333333333333,"Repetitions":30}