{"Average Elapsed Time (s)":11.97613388356667,"Average Evolution":[[300000,24943.0]],"Average Objective":24974.833333333332,"Repetitions":30}