{"Average Elapsed Time (s)":6.640515634200001,"Average Evolution":[[300000,373290.0]],"Average Objective":12445.466666666667,"Repetitions":30}