{"Average Elapsed Time (s)":5.615506013433333,"Average Evolution":[[300000,12434.0]],"Average Objective":12445.733333333334,"Repetitions":30}