{"Average Elapsed Time (s)":14.005873654499998,"Average Evolution":[[300000,748800.0]],"Average Objective":24975.966666666667,"Repetitions":30}