{"Average Elapsed Time (s)":1.3680474523666668,"Average Evolution":[[300000,2511.0]],"Average Objective":2532.9333333333334,"Repetitions":30}