{"Average Elapsed Time (s)":6.677073683333333,"Average Evolution":[[300000,12424.0]],"Average Objective":12445.966666666667,"Repetitions":30}