{"Average Elapsed Time (s)":1.3800724005666667,"Average Evolution":[[300000,75990.0]],"Average Objective":2532.9333333333334,"Repetitions":30}