{"Average Elapsed Time (s)":14.074343662533334,"Average Evolution":[[300000,24963.0]],"Average Objective":24975.966666666667,"Repetitions":30}