{"Average Elapsed Time (s)":1.3733430222666665,"Average Evolution":[],"Average Objective":2532.9666666666667,"Best objectives":[2533.0,2533.0,2533.0,2533.0,2532.0,2533.0,2533.0,2533.0,2533.0,2533.0,2533.0,2533.0,2533.0,2533.0,2533.0,2533.0,2533.0,2533.0,2533.0,2533.0,2533.0,2533.0,2533.0,2533.0,2533.0,2533.0,2533.0,2533.0,2533.0,2533.0],"Repetitions":30}