{"Average Elapsed Time (s)":0.9542003810333333,"Average Evolution":[],"Average Objective":1344.9666666666667,"Best objectives":[1345.0,1345.0,1345.0,1345.0,1345.0,1345.0,1345.0,1345.0,1345.0,1344.0,1345.0,1345.0,1345.0,1345.0,1345.0,1345.0,1345.0,1345.0,1345.0,1345.0,1345.0,1345.0,1345.0,1345.0,1345.0,1345.0,1345.0,1345.0,1345.0,1345.0],"Repetitions":30}