{"Average Elapsed Time (s)":6.182341336133335,"Average Evolution":[],"Average Objective":12445.633333333333,"Best objectives":[12446.0,12445.0,12446.0,12446.0,12445.0,12445.0,12446.0,12446.0,12446.0,12446.0,12446.0,12446.0,12445.0,12446.0,12445.0,12446.0,12446.0,12446.0,12446.0,12446.0,12446.0,12446.0,12446.0,12446.0,12445.0,12446.0,12446.0,12444.0,12446.0,12443.0],"Repetitions":30}