{"Average Elapsed Time (s)":10.906575658533333,"Average Evolution":[[300000,24965.0]],"Average Objective":24975.933333333334,"Repetitions":30}