{"Average Elapsed Time (s)":5.6181665297,"Average Evolution":[[300000,12431.0]],"Average Objective":12445.966666666667,"Repetitions":30}