{"Average Elapsed Time (s)":13.02625400076667,"Average Evolution":[[300000,24950.0]],"Average Objective":24975.266666666666,"Repetitions":30}