{"Average Elapsed Time (s)":12.0358745499,"Average Evolution":[],"Average Objective":24975.933333333334,"Best objectives":[24976.0,24976.0,24976.0,24975.0,24976.0,24976.0,24976.0,24976.0,24976.0,24976.0,24976.0,24976.0,24976.0,24976.0,24976.0,24976.0,24976.0,24976.0,24976.0,24976.0,24976.0,24976.0,24976.0,24976.0,24976.0,24976.0,24975.0,24976.0,24976.0,24976.0],"Repetitions":30}