{"Average Elapsed Time (s)":13.101904288866669,"Average Evolution":[],"Average Objective":24975.566666666666,"Best objectives":[24976.0,24976.0,24971.0,24976.0,24976.0,24976.0,24975.0,24974.0,24976.0,24976.0,24976.0,24976.0,24976.0,24976.0,24975.0,24976.0,24976.0,24976.0,24976.0,24976.0,24976.0,24976.0,24976.0,24976.0,24976.0,24974.0,24974.0,24976.0,24976.0,24976.0],"Repetitions":30}