{"Average Elapsed Time (s)":10.971203378,"Average Evolution":[],"Average Objective":24975.966666666667,"Best objectives":[24976.0,24976.0,24976.0,24976.0,24976.0,24976.0,24976.0,24976.0,24976.0,24976.0,24975.0,24976.0,24976.0,24976.0,24976.0,24976.0,24976.0,24976.0,24976.0,24976.0,24976.0,24976.0,24976.0,24976.0,24976.0,24976.0,24976.0,24976.0,24976.0,24976.0],"Repetitions":30}