{"Average Elapsed Time (s)":10.9752405125,"Average Evolution":[],"Average Objective":24975.566666666666,"Best objectives":[24976.0,24976.0,24976.0,24975.0,24976.0,24974.0,24976.0,24976.0,24976.0,24976.0,24975.0,24975.0,24976.0,24975.0,24976.0,24976.0,24976.0,24976.0,24976.0,24976.0,24976.0,24975.0,24975.0,24975.0,24972.0,24976.0,24976.0,24976.0,24976.0,24976.0],"Repetitions":30}