{"Average Elapsed Time (s)":0.8437021941666667,"Average Evolution":[[300000,39900.0]],"Average Objective":1344.9333333333334,"Repetitions":30}