{"Average Elapsed Time (s)":12.944623029933332,"Average Evolution":[[300000,749190.0]],"Average Objective":24975.966666666667,"Repetitions":30}