{"Average Elapsed Time (s)":6.114694820233334,"Average Evolution":[[300000,373380.0]],"Average Objective":12445.966666666667,"Repetitions":30}