{"Average Elapsed Time (s)":10.916964857266668,"Average Evolution":[[300000,24908.0]],"Average Objective":24973.233333333334,"Repetitions":30}