{"Average Elapsed Time (s)":6.117595021900001,"Average Evolution":[[300000,373320.0]],"Average Objective":12445.933333333332,"Repetitions":30}