{"Average Elapsed Time (s)":11.9768740424,"Average Evolution":[[300000,24958.0]],"Average Objective":24975.933333333334,"Repetitions":30}