{"Average Elapsed Time (s)":1.3655331889666669,"Average Evolution":[[300000,2532.0]],"Average Objective":2532.9666666666667,"Repetitions":30}