{"Average Elapsed Time (s)":1.4907989310999996,"Average Evolution":[[300000,75660.0]],"Average Objective":2532.9666666666667,"Repetitions":30}