{"Average Elapsed Time (s)":5.647697956133333,"Average Evolution":[],"Average Objective":12445.133333333333,"Best objectives":[12446.0,12444.0,12446.0,12446.0,12446.0,12446.0,12444.0,12446.0,12438.0,12445.0,12446.0,12445.0,12445.0,12446.0,12446.0,12445.0,12446.0,12446.0,12446.0,12446.0,12445.0,12446.0,12446.0,12446.0,12443.0,12446.0,12446.0,12441.0,12446.0,12445.0],"Repetitions":30}