{"Average Elapsed Time (s)":1.3661889073333335,"Average Evolution":[[300000,2523.0]],"Average Objective":2532.9666666666667,"Repetitions":30}