{"Average Elapsed Time (s)":6.7145875370666666,"Average Evolution":[],"Average Objective":12445.733333333334,"Best objectives":[12446.0,12446.0,12445.0,12446.0,12446.0,12446.0,12446.0,12446.0,12446.0,12446.0,12446.0,12446.0,12446.0,12445.0,12446.0,12443.0,12446.0,12446.0,12446.0,12444.0,12445.0,12446.0,12446.0,12446.0,12446.0,12446.0,12446.0,12446.0,12446.0,12446.0],"Repetitions":30}