{"Average Elapsed Time (s)":13.096526433200003,"Average Evolution":[],"Average Objective":24975.933333333334,"Best objectives":[24976.0,24976.0,24975.0,24976.0,24976.0,24976.0,24976.0,24976.0,24976.0,24976.0,24976.0,24976.0,24976.0,24976.0,24976.0,24976.0,24976.0,24976.0,24976.0,24976.0,24976.0,24975.0,24976.0,24976.0,24976.0,24976.0,24976.0,24976.0,24976.0,24976.0],"Repetitions":30}