{"Average Elapsed Time (s)":2.6495807114333343,"Average Objective":38429.73333333333,"Best objectives":[38256.0,38429.0,38118.0,38263.0,38208.0,38590.0,38917.0,38467.0,38826.0,38545.0,37713.0,38490.0,39041.0,38441.0,37114.0,38914.0,38599.0,38684.0,38728.0,38574.0,37817.0,38795.0,38964.0,38614.0,38523.0,38224.0,37907.0,38403.0,38247.0,38481.0],"Repetitions":30}