{"Average Elapsed Time (s)":4.9455509801333335,"Average Objective":38673.73333333333,"Best objectives":[38811.0,38466.0,38062.0,39082.0,38708.0,38725.0,38154.0,38535.0,38105.0,39270.0,38463.0,38809.0,39520.0,38969.0,38539.0,38317.0,39200.0,38894.0,39163.0,38774.0,38887.0,38833.0,39221.0,37445.0,38856.0,38978.0,38611.0,37029.0,39194.0,38592.0],"Repetitions":30}