{"Average Elapsed Time (s)":1.2494346334000002,"Average Objective":36297.333333333336,"Best objectives":[36232.0,34985.0,36705.0,36287.0,36199.0,36717.0,36694.0,36706.0,36062.0,36640.0,36057.0,37347.0,37090.0,36165.0,37012.0,35817.0,35331.0,35914.0,36805.0,36107.0,35232.0,36433.0,35867.0,36800.0,36450.0,36196.0,35606.0,37495.0,35878.0,36091.0],"Repetitions":30}