{"Average Elapsed Time (s)":2.5974494339999996,"Average Objective":38193.53333333333,"Best objectives":[38748.0,38431.0,38223.0,37573.0,38777.0,38356.0,38426.0,38240.0,37086.0,38689.0,37576.0,37805.0,38326.0,38460.0,37820.0,38750.0,37428.0,38807.0,38164.0,37991.0,38437.0,38325.0,37685.0,38324.0,38625.0,37736.0,38024.0,38367.0,38275.0,38332.0],"Repetitions":30}