{"Average Elapsed Time (s)":0.8629999689666668,"Average Objective":33869.73333333333,"Best objectives":[33179.0,33661.0,34240.0,34224.0,34446.0,34049.0,33537.0,33979.0,33675.0,33474.0,33619.0,33630.0,33972.0,34369.0,34059.0,33275.0,34057.0,33557.0,34152.0,33888.0,33760.0,33860.0,33450.0,34016.0,33896.0,34226.0,33748.0,34800.0,33445.0,33849.0],"Repetitions":30}