{"Average Elapsed Time (s)":1.5278677853333338,"Average Objective":37249.46666666667,"Best objectives":[36972.0,37157.0,37727.0,36671.0,37284.0,36819.0,37600.0,37670.0,37110.0,37474.0,37286.0,36646.0,37621.0,36552.0,36461.0,36699.0,37140.0,37878.0,37570.0,36928.0,37071.0,37253.0,37719.0,38470.0,37818.0,36276.0,37759.0,36954.0,37044.0,37855.0],"Repetitions":30}