{"Average Elapsed Time (s)":0.8511281114333334,"Average Objective":32518.533333333333,"Best objectives":[31954.0,32648.0,32477.0,32409.0,32416.0,32251.0,32861.0,31743.0,32420.0,32901.0,32698.0,31811.0,32856.0,32252.0,32309.0,32305.0,32508.0,32312.0,32024.0,33304.0,32452.0,32343.0,33796.0,32566.0,32628.0,32166.0,32727.0,32498.0,32487.0,33434.0],"Repetitions":30}