{"Average Elapsed Time (s)":10.971699546333335,"Average Evolution":[],"Average Objective":36571.03333333333,"Best objectives":[36862.0,35922.0,36529.0,37455.0,36503.0,37181.0,36571.0,37295.0,36688.0,37025.0,36657.0,35613.0,36580.0,36153.0,36785.0,35952.0,37263.0,37010.0,36466.0,35936.0,36438.0,36381.0,36789.0,36941.0,35872.0,36674.0,36133.0,36254.0,37290.0,35913.0],"Repetitions":30}