{"Average Elapsed Time (s)":1.4936860490333332,"Average Evolution":[[300000,78540.0]],"Average Objective":3802.366666666667,"Repetitions":30}