{"Average Elapsed Time (s)":10.936460926166667,"Average Evolution":[[300000,26610.0]],"Average Objective":33295.53333333333,"Repetitions":30}