{"Average Elapsed Time (s)":1.706750391233333,"Average Evolution":[],"Average Objective":3762.266666666667,"Best objectives":[3778.0,3782.0,3723.0,3763.0,3793.0,3683.0,3782.0,3699.0,3811.0,3694.0,3769.0,3838.0,3747.0,3752.0,3748.0,3811.0,3803.0,3693.0,3735.0,3719.0,3769.0,3709.0,3799.0,3778.0,3803.0,3756.0,3752.0,3764.0,3811.0,3804.0],"Repetitions":30}