{"Average Elapsed Time (s)":0.8414648157333334,"Average Evolution":[[300000,45750.0]],"Average Objective":1971.7333333333333,"Repetitions":30}