{"Average Elapsed Time (s)":7.248428321800001,"Average Evolution":[],"Average Objective":19808.133333333335,"Best objectives":[19882.0,19870.0,19916.0,19789.0,20018.0,19767.0,19822.0,19523.0,19520.0,19727.0,19726.0,19875.0,19856.0,19883.0,19887.0,19773.0,19657.0,19949.0,19945.0,20081.0,19822.0,19489.0,19897.0,20242.0,19978.0,19463.0,19828.0,19522.0,19835.0,19702.0],"Repetitions":30}