{"Average Elapsed Time (s)":1.4889743185333335,"Average Evolution":[[300000,84270.0]],"Average Objective":3772.766666666667,"Repetitions":30}