{"Average Elapsed Time (s)":6.657676617966668,"Average Evolution":[[300000,401040.0]],"Average Objective":18584.233333333334,"Repetitions":30}