{"Average Elapsed Time (s)":1.4768061727666661,"Average Evolution":[[300000,2720.0]],"Average Objective":3809.5333333333333,"Repetitions":30}