{"Average Elapsed Time (s)":14.107619856566668,"Average Evolution":[[300000,27573.0]],"Average Objective":39307.333333333336,"Repetitions":30}