{"Average Elapsed Time (s)":7.186081068400001,"Average Evolution":[[300000,391140.0]],"Average Objective":16925.733333333334,"Repetitions":30}