{"Average Elapsed Time (s)":0.9583859993999998,"Average Evolution":[[300000,46800.0]],"Average Objective":1984.2333333333333,"Repetitions":30}