{"Average Elapsed Time (s)":12.967939092633333,"Average Evolution":[[300000,796260.0]],"Average Objective":37223.36666666667,"Repetitions":30}