{"Average Elapsed Time (s)":1.0115560986,"Average Evolution":[[300000,1532.0]],"Average Objective":1971.2333333333333,"Repetitions":30}