{"Algorithm":{"Algorithm":"Parallel Genetic Algorithm","Cores":1,"Crossover":"Uniform One Crossover","Crossover Rate":0.699999988079071,"Elapsed Time":1.36638525,"Evaluator":"Parallel OMP Population Evaluator","Max Evaluations":300000,"Mutation":"Uniform One Mutation","Mutation Rate":0.01,"Population Size":160,"Selection":"Binary Tournament Selection"},"Evolution":[[300000,2768.0]],"Problem":{"Capacity":2405,"Constraints":1,"Dimension":100,"Instance":"/home/amarrero/CEC-2021-Parallel-GA-KNP/instances/Uncorrelated/Uncorrelated_N_100_R_100_0.kp","Lower Limit":0.0,"Name":"Knapsack Problem","Objectives":1,"Profits":[25,84,39,98,63,54,97,48,70,46,29,1,56,67,15,26,65,63,69,38,8,90,89,46,13,25,98,19,33,91,71,11,47,21,9,21,7,71,25,69,13,45,7,61,2,5,57,42,65,57,77,15,62,93,31,25,97,60,34,62,70,40,58,49,86,68,38,45,73,80,98,95,72,63,41,66,6,77,53,52,11,21,78,85,28,2,8,40,59,36,2,49,28,20,84,64,65,73,6,52],"Upper Limit":1.0,"Weights":[23,69,81,62,40,8,75,4,16,71,82,21,40,72,4,65,65,57,12,61,15,48,3,71,29,96,42,71,16,66,43,59,89,43,5,73,51,83,24,21,43,21,19,47,98,45,54,76,90,43,11,76,15,24,44,3,81,93,30,91,28,62,98,44,51,50,93,20,38,71,36,74,14,58,49,77,2,12,91,55,15,66,65,99,87,29,8,17,60,8,12,37,32,42,99,12,32,22,70,95]},"Results":{"Constraints":[[0.0]],"Number of Solutions":1,"Objectives":[[3787.0]],"Variables":[[0,1,0,1,1,1,1,1,1,1,0,0,1,1,1,0,1,1,1,0,0,1,1,0,0,0,1,0,1,1,1,0,0,0,1,0,0,1,0,1,0,1,0,1,0,0,1,0,0,1,1,0,1,1,1,1,1,0,1,1,1,0,0,1,1,1,0,1,1,1,1,1,1,1,0,1,0,1,0,1,0,0,1,0,0,0,0,1,1,1,0,1,1,0,1,1,1,1,0,0]]}}