{"Average Elapsed Time (s)":14.016055860166666,"Average Evolution":[[300000,796920.0]],"Average Objective":39331.066666666666,"Repetitions":30}