{"Average Elapsed Time (s)":6.1292629253,"Average Evolution":[[300000,426270.0]],"Average Objective":18078.633333333335,"Repetitions":30}