{"Average Elapsed Time (s)":1.0182767961333332,"Average Evolution":[[300000,44340.0]],"Average Objective":1916.0333333333333,"Repetitions":30}