{"Average Elapsed Time (s)":6.708258843400002,"Average Evolution":[],"Average Objective":19479.233333333334,"Best objectives":[19337.0,19450.0,19798.0,19698.0,19740.0,19102.0,19566.0,19019.0,19699.0,19759.0,19423.0,19989.0,19154.0,19756.0,19026.0,19635.0,19529.0,19817.0,19635.0,19288.0,19425.0,19435.0,19720.0,19629.0,19663.0,19092.0,19250.0,19215.0,19152.0,19376.0],"Repetitions":30}