{"Average Elapsed Time (s)":1.3661236813,"Average Evolution":[[300000,2768.0]],"Average Objective":3785.233333333333,"Repetitions":30}