{"Average Elapsed Time (s)":6.1708727260666665,"Average Evolution":[],"Average Objective":16164.766666666666,"Best objectives":[16223.0,16949.0,16377.0,16225.0,14491.0,16403.0,16257.0,16659.0,16453.0,16641.0,16000.0,16471.0,15999.0,15424.0,16913.0,15845.0,16009.0,15922.0,15575.0,16585.0,16416.0,16681.0,16234.0,16120.0,15825.0,15630.0,15883.0,16419.0,16541.0,15773.0],"Repetitions":30}