{"Average Elapsed Time (s)":12.9644565205,"Average Evolution":[[300000,808170.0]],"Average Objective":38594.833333333336,"Repetitions":30}