{"Average Elapsed Time (s)":13.047716153733337,"Average Evolution":[[300000,26806.0]],"Average Objective":31436.033333333333,"Repetitions":30}