{"Average Elapsed Time (s)":5.619453276800001,"Average Evolution":[[300000,13508.0]],"Average Objective":17502.033333333333,"Repetitions":30}