{"Average Elapsed Time (s)":1.5989562689333332,"Average Evolution":[[300000,78060.0]],"Average Objective":3466.4666666666667,"Repetitions":30}