{"Average Elapsed Time (s)":0.9517476343666668,"Average Evolution":[[300000,1530.0]],"Average Objective":1976.7666666666667,"Repetitions":30}