{"Average Elapsed Time (s)":1.5867661559666668,"Average Evolution":[[300000,2752.0]],"Average Objective":3821.866666666667,"Repetitions":30}