{"Average Elapsed Time (s)":14.007191687099999,"Average Evolution":[[300000,823350.0]],"Average Objective":35912.933333333334,"Repetitions":30}