{"Average Elapsed Time (s)":0.9556797721333333,"Average Evolution":[],"Average Objective":1981.4333333333334,"Best objectives":[1983.0,1987.0,1987.0,1987.0,1981.0,1972.0,1981.0,1975.0,1987.0,1983.0,1985.0,1985.0,1987.0,1987.0,1981.0,1968.0,1985.0,1987.0,1985.0,1978.0,1987.0,1987.0,1983.0,1987.0,1960.0,1975.0,1972.0,1981.0,1987.0,1973.0],"Repetitions":30}