{"Average Elapsed Time (s)":1.4784024906999997,"Average Evolution":[[300000,2733.0]],"Average Objective":3691.6666666666665,"Repetitions":30}