{"Average Elapsed Time (s)":0.8385019992999999,"Average Evolution":[],"Average Objective":1832.4333333333334,"Best objectives":[1829.0,1903.0,1810.0,1819.0,1760.0,1806.0,1859.0,1839.0,1796.0,1762.0,1743.0,1798.0,1834.0,1891.0,1938.0,1711.0,1822.0,1703.0,1809.0,1850.0,1896.0,1900.0,1771.0,1923.0,1885.0,1820.0,1876.0,1914.0,1830.0,1876.0],"Repetitions":30}