{"Average Elapsed Time (s)":6.1544821039999995,"Average Evolution":[[300000,13748.0]],"Average Objective":18077.733333333334,"Repetitions":30}