{"Average Elapsed Time (s)":12.031734498833334,"Average Evolution":[],"Average Objective":36111.666666666664,"Best objectives":[36220.0,36065.0,35770.0,36800.0,36283.0,36452.0,36900.0,36087.0,35139.0,35529.0,36395.0,35472.0,35087.0,36504.0,36648.0,36497.0,35430.0,36050.0,36450.0,34819.0,36694.0,36341.0,36153.0,36934.0,35963.0,36840.0,36043.0,35664.0,36106.0,36015.0],"Repetitions":30}