{"Average Elapsed Time (s)":0.8960829174666668,"Average Evolution":[],"Average Objective":1871.8666666666666,"Best objectives":[1814.0,1854.0,1915.0,1710.0,1811.0,1856.0,1870.0,1895.0,1932.0,1924.0,1876.0,1870.0,1950.0,1858.0,1917.0,1951.0,1843.0,1891.0,1841.0,1880.0,1933.0,1862.0,1820.0,1918.0,1835.0,1862.0,1904.0,1869.0,1931.0,1764.0],"Repetitions":30}