{"Algorithm":{"Algorithm":"Parallel Genetic Algorithm","Cores":1,"Crossover":"Uniform One Crossover","Crossover Rate":0.8999999761581421,"Elapsed Time":6.7135333820000005,"Evaluator":"Parallel OMP Population Evaluator","Max Evaluations":300000,"Mutation":"Uniform One Mutation","Mutation Rate":0.002,"Population Size":160,"Selection":"Binary Tournament Selection"},"Evolution":[],"Problem":{"Capacity":12719,"Constraints":1,"Dimension":500,"Instance":"/home/amarrero/CEC-2021-Parallel-GA-KNP/instances/Uncorrelated/Uncorrelated_N_500_R_100_0.kp","Lower Limit":0.0,"Name":"Knapsack Problem","Objectives":1,"Profits":[7,34,22,33,27,43,28,93,97,63,5,20,62,89,55,5,82,51,66,34,94,75,14,45,27,3,49,25,11,2,50,2,74,24,58,45,74,11,8,19,82,38,86,32,16,57,97,35,77,59,18,27,79,25,85,11,67,53,66,50,96,37,73,84,84,78,21,10,2,95,60,45,43,80,18,41,15,91,81,57,10,71,16,92,17,18,7,19,20,75,18,15,60,3,51,19,93,20,93,81,38,84,50,45,94,84,76,14,15,85,54,16,4,33,45,7,37,64,56,81,83,16,41,29,48,63,79,65,87,28,18,70,67,22,59,72,62,57,77,82,15,73,79,12,28,95,33,27,14,78,65,44,64,26,94,21,94,80,80,29,73,32,59,37,80,98,52,70,46,81,86,98,52,65,34,37,3,13,32,21,63,77,69,92,47,19,53,98,28,31,61,13,45,85,34,99,27,19,94,64,8,69,22,8,38,7,80,54,61,23,13,5,4,80,98,28,55,13,28,98,43,37,75,65,87,94,79,1,84,38,58,99,93,3,92,26,91,76,15,49,6,33,44,82,30,51,75,6,69,31,26,72,84,75,88,32,64,71,28,82,71,35,75,74,18,10,11,67,76,17,29,5,17,96,45,56,99,7,91,76,61,47,17,67,77,27,95,91,5,74,46,60,47,22,95,60,97,73,99,26,60,55,97,69,51,16,88,22,61,41,12,19,80,64,90,21,55,55,28,59,71,73,39,61,51,65,85,13,15,1,24,82,7,18,43,20,71,82,93,50,18,65,72,14,55,63,16,25,6,73,87,90,86,50,14,20,70,39,72,48,89,90,84,25,30,11,17,98,26,48,27,79,24,29,6,12,19,66,19,23,27,69,91,81,88,52,77,4,29,64,38,22,29,14,13,30,76,61,6,35,28,82,29,66,67,59,23,37,72,88,83,18,89,55,68,36,87,82,24,99,21,67,6,97,33,15,61,47,84,65,96,94,12,54,91,2,75,91,42,55,95,88,2,89,16,14,43,55,3,53,74,93,84,80,27,95,99,45,23,70,5,78,35,82,86,19,4,95,79,27,72,13,71,71,24,62,11,32,12,50,31,12,80,27,18,61,77,1,43,92,34,6,54,97,93,90,48,92,34,81],"Upper Limit":1.0,"Weights":[74,67,71,9,76,25,67,96,2,80,26,51,44,84,80,51,33,19,74,88,23,63,47,46,28,29,24,17,12,38,12,55,5,9,65,91,93,28,54,42,59,39,17,14,58,42,15,64,51,2,37,55,10,16,74,36,67,29,9,89,33,45,95,41,9,32,85,31,23,71,8,16,20,68,22,2,20,55,69,12,32,92,44,11,22,86,63,86,18,67,54,19,21,58,50,60,20,84,21,9,94,16,48,50,60,34,64,68,79,60,52,36,20,54,84,90,28,34,91,87,15,16,90,52,37,53,59,41,82,85,39,4,93,3,61,21,33,13,53,64,96,70,76,72,34,52,10,47,95,79,51,76,39,70,29,67,85,84,7,33,63,60,23,55,75,2,78,91,98,15,60,73,91,86,37,37,3,81,20,31,97,81,44,40,23,99,64,22,42,10,58,34,64,1,7,75,61,32,51,41,88,52,29,30,64,45,84,24,56,81,54,60,58,84,36,75,12,81,93,25,15,80,88,10,1,71,94,43,58,97,56,68,38,98,36,8,15,86,63,20,67,65,93,34,59,1,50,68,90,76,78,16,58,80,68,33,76,1,33,39,73,55,67,21,88,47,99,21,62,63,32,45,98,99,69,85,43,74,97,30,61,49,27,24,78,91,74,15,79,59,73,98,73,12,59,13,32,69,17,64,91,61,40,11,56,2,31,89,89,17,78,60,91,35,42,23,97,45,59,33,76,53,28,14,39,49,11,42,4,62,59,67,25,31,49,79,31,55,62,82,26,79,79,31,62,38,89,4,11,28,60,39,72,26,70,96,70,21,25,62,87,8,66,50,84,90,95,27,26,10,24,27,52,87,97,61,48,10,54,78,8,11,85,79,97,34,35,41,57,2,91,37,90,62,97,31,8,18,95,73,44,51,27,12,92,70,51,58,71,52,38,58,80,94,75,3,15,11,18,1,80,27,76,4,5,49,62,57,56,38,26,14,51,60,45,31,81,92,38,78,29,15,12,87,50,3,58,55,83,20,97,96,36,11,62,92,13,35,81,88,70,32,4,69,1,98,85,67,93,51,77,97,98,18,82,85,14,63,72,88,12,37,23,46,96,85,17,28,92,64,60,27,9,84,17,2,67,89,53,54]},"Results":{"Constraints":[[0.0]],"Number of Solutions":1,"Objectives":[[20229.0]],"Variables":[[0,0,0,1,0,1,0,1,1,0,0,0,1,1,1,0,1,1,0,0,1,1,0,1,1,0,1,1,1,0,1,0,1,1,1,0,0,0,0,0,1,1,1,1,0,1,1,0,1,1,0,0,1,1,1,0,1,1,1,0,1,1,1,1,1,1,0,0,0,1,1,1,1,1,0,1,1,1,1,1,0,0,0,1,1,0,0,0,1,1,0,1,1,0,1,0,1,0,1,1,0,1,1,0,1,1,1,0,0,1,1,0,0,0,0,0,1,0,0,1,1,1,0,0,1,1,1,1,1,0,0,1,0,1,1,1,1,1,1,1,0,1,1,0,1,1,1,1,0,1,1,0,1,0,1,0,1,1,1,1,1,0,1,0,1,1,0,1,0,1,1,1,0,1,1,1,0,0,1,1,0,1,1,1,1,0,1,1,1,1,1,0,1,1,1,1,0,0,1,1,0,1,1,0,1,0,1,1,1,0,0,0,0,0,1,0,1,0,0,1,1,0,1,1,1,1,1,0,1,0,1,1,1,0,1,1,1,1,0,1,0,0,0,1,0,1,1,0,1,0,0,1,1,0,1,1,1,1,1,1,1,1,1,1,0,0,0,1,1,0,1,0,0,1,0,0,1,0,0,1,1,1,0,1,1,0,1,1,0,1,0,0,0,0,1,1,1,1,1,0,1,1,1,1,0,1,1,0,1,1,0,0,1,1,1,1,0,0,0,1,1,1,0,0,1,1,1,0,1,0,0,1,0,0,1,0,1,0,1,1,1,1,1,0,1,1,0,1,0,1,1,1,1,1,0,0,1,1,1,0,1,1,1,0,0,0,0,1,0,1,1,1,0,0,0,0,0,1,0,0,1,1,1,1,0,0,1,0,0,1,0,0,0,0,0,1,1,1,0,0,1,1,1,1,1,1,0,0,1,1,1,0,1,0,1,1,1,1,0,1,0,1,0,1,1,0,1,1,1,1,1,1,0,1,1,0,1,1,0,1,1,1,0,1,0,1,0,0,0,1,1,1,1,1,0,1,1,1,0,1,0,1,1,0,1,0,0,1,1,1,1,0,1,1,0,1,0,0,0,0,1,0,1,1,0,1,1,0,0,1,0,0,1,1,1,1,0,1,0,1]]}}