{"Average Elapsed Time (s)":0.8368000106666666,"Average Evolution":[[300000,1494.0]],"Average Objective":1935.5666666666666,"Repetitions":30}