{"Average Elapsed Time (s)":6.6824995973,"Average Evolution":[[300000,13345.0]],"Average Objective":20037.733333333334,"Repetitions":30}