{"Average Elapsed Time (s)":1.0121496514666668,"Average Evolution":[[300000,1531.0]],"Average Objective":1918.4333333333334,"Repetitions":30}