{"Average Elapsed Time (s)":13.037155147733337,"Average Evolution":[[300000,26382.0]],"Average Objective":34865.96666666667,"Repetitions":30}