{"Average Elapsed Time (s)":1.6028310104999994,"Average Evolution":[[300000,80430.0]],"Average Objective":3822.366666666667,"Repetitions":30}