{"Average Elapsed Time (s)":10.928292313233333,"Average Evolution":[[300000,26386.0]],"Average Objective":30128.233333333334,"Repetitions":30}