{"Average Elapsed Time (s)":1.698520415233333,"Average Evolution":[[300000,2701.0]],"Average Objective":3827.9333333333334,"Repetitions":30}