{"Average Elapsed Time (s)":5.610409109633333,"Average Evolution":[[300000,400800.0]],"Average Objective":19237.333333333332,"Repetitions":30}