{"Average Elapsed Time (s)":12.03769368946667,"Average Evolution":[],"Average Objective":34132.76666666667,"Best objectives":[32932.0,34599.0,32953.0,34243.0,34073.0,34445.0,33779.0,34085.0,33754.0,35641.0,34075.0,34599.0,33336.0,33683.0,33497.0,34119.0,34601.0,34307.0,34577.0,34007.0,33383.0,33957.0,34197.0,34800.0,33897.0,34256.0,34805.0,35432.0,34046.0,33905.0],"Repetitions":30}