{"Average Elapsed Time (s)":0.9591343282666668,"Average Evolution":[[300000,39840.0]],"Average Objective":1885.5333333333333,"Repetitions":30}