{"Average Elapsed Time (s)":12.960988141999998,"Average Evolution":[[300000,791940.0]],"Average Objective":31371.066666666666,"Repetitions":30}