{"Average Elapsed Time (s)":0.9001669770333334,"Average Evolution":[[300000,46410.0]],"Average Objective":1981.1333333333334,"Repetitions":30}