{"Average Elapsed Time (s)":1.4773367930666668,"Average Evolution":[[300000,2877.0]],"Average Objective":3773.1666666666665,"Repetitions":30}