{"Average Elapsed Time (s)":0.953684079,"Average Evolution":[[300000,1377.0]],"Average Objective":1959.1666666666667,"Repetitions":30}