{"Average Elapsed Time (s)":14.006024121200001,"Average Evolution":[[300000,793530.0]],"Average Objective":31987.933333333334,"Repetitions":30}