{"Average Elapsed Time (s)":14.0893705334,"Average Evolution":[[300000,27249.0]],"Average Objective":38037.13333333333,"Repetitions":30}