{"Average Elapsed Time (s)":6.152024476433334,"Average Evolution":[[300000,13339.0]],"Average Objective":19242.733333333334,"Repetitions":30}