{"Average Elapsed Time (s)":1.3812740622666666,"Average Evolution":[[300000,84510.0]],"Average Objective":3712.233333333333,"Repetitions":30}