{"Average Elapsed Time (s)":0.9535309288666667,"Average Evolution":[],"Average Objective":1978.5333333333333,"Best objectives":[1987.0,1974.0,1963.0,1985.0,1985.0,1985.0,1972.0,1963.0,1981.0,1974.0,1985.0,1968.0,1983.0,1987.0,1979.0,1972.0,1981.0,1985.0,1985.0,1987.0,1970.0,1987.0,1987.0,1981.0,1969.0,1985.0,1974.0,1961.0,1987.0,1974.0],"Repetitions":30}