{"Average Elapsed Time (s)":1.4907424536000002,"Average Evolution":[[300000,78180.0]],"Average Objective":3412.9333333333334,"Repetitions":30}