{"Average Elapsed Time (s)":5.620214879333334,"Average Evolution":[[300000,13930.0]],"Average Objective":19257.266666666666,"Repetitions":30}