{"Average Elapsed Time (s)":0.9532944292666665,"Average Evolution":[[300000,1543.0]],"Average Objective":1984.7666666666667,"Repetitions":30}