{"Average Elapsed Time (s)":0.8434122141,"Average Evolution":[[300000,40890.0]],"Average Objective":1833.0333333333333,"Repetitions":30}