{"Average Elapsed Time (s)":0.9003052876000002,"Average Evolution":[[300000,44340.0]],"Average Objective":1954.4333333333334,"Repetitions":30}