{"Average Elapsed Time (s)":6.1418567087666665,"Average Evolution":[[300000,404910.0]],"Average Objective":19732.533333333333,"Repetitions":30}