{"Average Elapsed Time (s)":6.682780843866669,"Average Evolution":[[300000,13067.0]],"Average Objective":18551.566666666666,"Repetitions":30}