{"Average Elapsed Time (s)":14.167656611999998,"Average Evolution":[],"Average Objective":39327.666666666664,"Best objectives":[39486.0,39395.0,38845.0,39413.0,39339.0,39458.0,39375.0,39634.0,38898.0,39386.0,39442.0,39386.0,39036.0,39291.0,39207.0,39020.0,39363.0,39659.0,39535.0,39563.0,39244.0,39188.0,38892.0,39371.0,39540.0,39699.0,38977.0,39538.0,39418.0,39232.0],"Repetitions":30}