{"Average Elapsed Time (s)":1.7125398111666672,"Average Evolution":[[300000,79200.0]],"Average Objective":3827.733333333333,"Repetitions":30}