{"Average Elapsed Time (s)":1.7010772150000002,"Average Evolution":[[300000,2860.0]],"Average Objective":3763.9666666666667,"Repetitions":30}