{"Average Elapsed Time (s)":0.9541273443333333,"Average Evolution":[],"Average Objective":1966.4666666666667,"Best objectives":[1926.0,1958.0,1974.0,1981.0,1969.0,1985.0,1985.0,1915.0,1981.0,1981.0,1969.0,1987.0,1957.0,1985.0,1981.0,1969.0,1972.0,1981.0,1978.0,1968.0,1974.0,1927.0,1987.0,1962.0,1925.0,1974.0,1936.0,1981.0,1945.0,1981.0],"Repetitions":30}