{"Average Elapsed Time (s)":6.706621037066667,"Average Evolution":[],"Average Objective":18597.466666666667,"Best objectives":[18124.0,19126.0,18823.0,18340.0,18830.0,18481.0,18446.0,18317.0,18529.0,18693.0,18652.0,18248.0,18916.0,18602.0,18180.0,18784.0,18808.0,18654.0,18542.0,18479.0,17628.0,18562.0,18346.0,18761.0,18432.0,18935.0,19193.0,19011.0,18860.0,18622.0],"Repetitions":30}