{"Average Elapsed Time (s)":1.7075331153,"Average Evolution":[[300000,80700.0]],"Average Objective":3808.0333333333333,"Repetitions":30}