{"Average Elapsed Time (s)":1.4835907803,"Average Evolution":[],"Average Objective":3687.9666666666667,"Best objectives":[3709.0,3647.0,3659.0,3670.0,3782.0,3712.0,3769.0,3740.0,3757.0,3711.0,3697.0,3675.0,3681.0,3655.0,3695.0,3601.0,3578.0,3638.0,3789.0,3583.0,3734.0,3746.0,3680.0,3642.0,3804.0,3540.0,3643.0,3694.0,3699.0,3709.0],"Repetitions":30}