{"Average Elapsed Time (s)":1.705780499466667,"Average Evolution":[],"Average Objective":3831.233333333333,"Best objectives":[3841.0,3827.0,3829.0,3834.0,3833.0,3838.0,3818.0,3838.0,3832.0,3809.0,3826.0,3829.0,3832.0,3808.0,3841.0,3841.0,3841.0,3826.0,3832.0,3838.0,3833.0,3829.0,3841.0,3813.0,3841.0,3826.0,3838.0,3833.0,3841.0,3829.0],"Repetitions":30}