{"Average Elapsed Time (s)":1.5885038694666667,"Average Evolution":[[300000,2670.0]],"Average Objective":3747.0333333333333,"Repetitions":30}