{"Average Elapsed Time (s)":1.3750395209333335,"Average Evolution":[],"Average Objective":3388.0333333333333,"Best objectives":[3328.0,3231.0,3295.0,3451.0,3243.0,2982.0,3354.0,3291.0,3614.0,3369.0,3462.0,3425.0,3341.0,3276.0,3417.0,3500.0,3562.0,3303.0,3549.0,3490.0,3305.0,3358.0,3579.0,3403.0,3291.0,3638.0,3390.0,3435.0,3246.0,3513.0],"Repetitions":30}