{"Average Elapsed Time (s)":13.0462532303,"Average Evolution":[[300000,26539.0]],"Average Objective":38467.833333333336,"Repetitions":30}