{"Average Elapsed Time (s)":10.973162335433335,"Average Evolution":[],"Average Objective":30218.733333333334,"Best objectives":[30018.0,30993.0,30443.0,30646.0,28954.0,29824.0,30188.0,29660.0,29661.0,30363.0,30355.0,30103.0,29664.0,31369.0,29725.0,29672.0,30322.0,29766.0,30319.0,29903.0,31916.0,29526.0,30575.0,30400.0,30761.0,29507.0,30340.0,30683.0,30748.0,30158.0],"Repetitions":30}