{"Average Elapsed Time (s)":10.875995319000003,"Average Evolution":[[300000,793110.0]],"Average Objective":35162.96666666667,"Repetitions":30}