{"Average Elapsed Time (s)":1.5964035104666665,"Average Evolution":[],"Average Objective":3740.0333333333333,"Best objectives":[3770.0,3721.0,3801.0,3718.0,3770.0,3682.0,3778.0,3786.0,3695.0,3701.0,3743.0,3755.0,3823.0,3586.0,3768.0,3672.0,3732.0,3745.0,3661.0,3671.0,3824.0,3747.0,3720.0,3754.0,3766.0,3742.0,3829.0,3782.0,3722.0,3737.0],"Repetitions":30}