{"Average Elapsed Time (s)":1.0100192231333334,"Average Evolution":[[300000,1577.0]],"Average Objective":1984.9666666666667,"Repetitions":30}