{"Average Elapsed Time (s)":12.034229207833336,"Average Evolution":[],"Average Objective":30894.933333333334,"Best objectives":[30474.0,32338.0,30630.0,30467.0,32013.0,30181.0,30413.0,31611.0,30283.0,31051.0,31826.0,30418.0,30122.0,31018.0,29758.0,31368.0,30981.0,30451.0,30045.0,31336.0,31533.0,32134.0,31477.0,30379.0,31352.0,30813.0,30587.0,31020.0,30284.0,30485.0],"Repetitions":30}