{"Average Elapsed Time (s)":7.184571402366667,"Average Evolution":[[300000,403950.0]],"Average Objective":19833.166666666668,"Repetitions":30}