{"Average Elapsed Time (s)":7.188383438266667,"Average Evolution":[[300000,406560.0]],"Average Objective":20232.133333333335,"Repetitions":30}