{"Average Elapsed Time (s)":1.3824099436666666,"Average Evolution":[[300000,78120.0]],"Average Objective":3373.133333333333,"Repetitions":30}