{"Average Elapsed Time (s)":1.3656194123333338,"Average Evolution":[[300000,2613.0]],"Average Objective":3397.5666666666666,"Repetitions":30}