{"Average Elapsed Time (s)":10.920925392266668,"Average Evolution":[[300000,26724.0]],"Average Objective":35093.63333333333,"Repetitions":30}