{"Average Elapsed Time (s)":5.621084323766666,"Average Evolution":[[300000,13642.0]],"Average Objective":18539.466666666667,"Repetitions":30}