{"Average Elapsed Time (s)":10.89471154313333,"Average Evolution":[[300000,803460.0]],"Average Objective":36336.76666666667,"Repetitions":30}