{"Average Elapsed Time (s)":0.8978745338666667,"Average Evolution":[[300000,1341.0]],"Average Objective":1870.9666666666667,"Repetitions":30}