{"Average Elapsed Time (s)":5.622898015333334,"Average Evolution":[[300000,14025.0]],"Average Objective":15759.566666666668,"Repetitions":30}