{"Average Elapsed Time (s)":1.0158131550333336,"Average Evolution":[[300000,44460.0]],"Average Objective":1973.5333333333333,"Repetitions":30}