{"Average Elapsed Time (s)":12.965040413366665,"Average Evolution":[[300000,778080.0]],"Average Objective":34886.03333333333,"Repetitions":30}