{"Average Elapsed Time (s)":1.7091273569000003,"Average Evolution":[[300000,77730.0]],"Average Objective":3556.266666666667,"Repetitions":30}