{"Average Elapsed Time (s)":0.8952554336666665,"Average Evolution":[[300000,1532.0]],"Average Objective":1957.6333333333334,"Repetitions":30}