{"Average Elapsed Time (s)":0.8382044263666667,"Average Evolution":[[300000,1612.0]],"Average Objective":1964.1666666666667,"Repetitions":30}