{"Average Elapsed Time (s)":11.983350178566667,"Average Evolution":[[300000,26351.0]],"Average Objective":31039.766666666666,"Repetitions":30}