{"Average Elapsed Time (s)":0.8947277327333335,"Average Evolution":[],"Average Objective":1943.9333333333334,"Best objectives":[1951.0,1933.0,1938.0,1928.0,1886.0,1948.0,1963.0,1985.0,1974.0,1926.0,1956.0,1974.0,1950.0,1960.0,1943.0,1963.0,1912.0,1962.0,1913.0,1956.0,1950.0,1971.0,1962.0,1974.0,1910.0,1943.0,1885.0,1950.0,1906.0,1946.0],"Repetitions":30}