{"Average Elapsed Time (s)":7.209670213333333,"Average Evolution":[[300000,13754.0]],"Average Objective":19903.366666666665,"Repetitions":30}