{"Average Elapsed Time (s)":11.935612201533333,"Average Evolution":[[300000,813840.0]],"Average Objective":30716.133333333335,"Repetitions":30}