{"Average Elapsed Time (s)":6.129872643733334,"Average Evolution":[[300000,383310.0]],"Average Objective":16311.733333333334,"Repetitions":30}