{"Average Elapsed Time (s)":1.4895853582,"Average Evolution":[[300000,79080.0]],"Average Objective":3676.4333333333334,"Repetitions":30}