{"Average Elapsed Time (s)":5.646978188033334,"Average Evolution":[],"Average Objective":17430.166666666668,"Best objectives":[17057.0,17634.0,17616.0,18092.0,17098.0,18016.0,17089.0,17032.0,18086.0,17705.0,17973.0,17961.0,17159.0,17872.0,17474.0,16806.0,16645.0,17585.0,16956.0,17262.0,16601.0,17504.0,17319.0,17913.0,17723.0,17878.0,17690.0,16724.0,17416.0,17019.0],"Repetitions":30}