{"Average Elapsed Time (s)":1.6020287658666665,"Average Evolution":[[300000,85980.0]],"Average Objective":3793.9333333333334,"Repetitions":30}