{"Algorithm":{"Algorithm":"Parallel Genetic Algorithm","Cores":1,"Crossover":"Uniform One Crossover","Crossover Rate":0.800000011920929,"Elapsed Time":0.8938961540000001,"Evaluator":"Parallel OMP Population Evaluator","Max Evaluations":300000,"Mutation":"Uniform One Mutation","Mutation Rate":0.02,"Population Size":160,"Selection":"Binary Tournament Selection"},"Evolution":[],"Problem":{"Capacity":1345,"Constraints":1,"Dimension":50,"Instance":"/home/amarrero/CEC-2021-Parallel-GA-KNP/instances/Uncorrelated/Uncorrelated_N_50_R_100_0.kp","Lower Limit":0.0,"Name":"Knapsack Problem","Objectives":1,"Profits":[31,17,40,40,94,20,2,89,14,44,81,51,49,99,87,27,93,2,68,88,23,4,38,97,87,31,48,46,36,41,38,78,14,94,93,48,46,41,68,49,47,66,78,47,62,48,85,90,59,17],"Upper Limit":1.0,"Weights":[18,72,29,94,92,93,33,72,55,8,32,16,82,85,55,27,88,5,8,67,33,50,55,13,96,36,79,41,51,61,34,46,90,81,74,81,83,47,31,86,97,36,86,17,72,30,82,17,49,6]},"Results":{"Constraints":[[0.0]],"Number of Solutions":1,"Objectives":[[1983.0]],"Variables":[[1,0,1,0,1,0,0,1,0,1,1,1,0,1,1,1,1,0,1,1,0,0,0,1,1,0,0,1,0,0,1,1,0,1,1,0,0,0,1,0,0,1,1,1,0,1,1,1,1,1]]}}