{"Average Elapsed Time (s)":1.0105698704000001,"Average Evolution":[[300000,1537.0]],"Average Objective":1982.1333333333334,"Repetitions":30}