{"Average Elapsed Time (s)":7.2422949654999975,"Average Evolution":[],"Average Objective":17020.933333333334,"Best objectives":[16291.0,16452.0,17011.0,16822.0,17158.0,16917.0,17482.0,16380.0,16923.0,17474.0,17484.0,16426.0,17190.0,17120.0,17254.0,16889.0,16521.0,17273.0,17302.0,17162.0,16985.0,16855.0,16769.0,17206.0,16834.0,17382.0,17285.0,17436.0,16760.0,17585.0],"Repetitions":30}