{"Average Elapsed Time (s)":14.099835287466668,"Average Evolution":[[300000,26915.0]],"Average Objective":32146.733333333334,"Repetitions":30}