{"Average Elapsed Time (s)":13.052407706166669,"Average Evolution":[[300000,27095.0]],"Average Objective":37209.36666666667,"Repetitions":30}