{"Average Elapsed Time (s)":0.8365848375999999,"Average Evolution":[[300000,1456.0]],"Average Objective":1976.7666666666667,"Repetitions":30}