{"Average Elapsed Time (s)":0.9008616456666668,"Average Evolution":[[300000,43170.0]],"Average Objective":1875.9666666666667,"Repetitions":30}