{"Average Elapsed Time (s)":1.3658793101333335,"Average Evolution":[[300000,2638.0]],"Average Objective":3727.1666666666665,"Repetitions":30}