{"Average Elapsed Time (s)":1.0161360304333336,"Average Evolution":[],"Average Objective":1982.3333333333333,"Best objectives":[1981.0,1987.0,1985.0,1987.0,1985.0,1969.0,1987.0,1975.0,1981.0,1987.0,1969.0,1987.0,1981.0,1968.0,1987.0,1983.0,1987.0,1987.0,1987.0,1983.0,1987.0,1987.0,1987.0,1987.0,1985.0,1987.0,1987.0,1952.0,1981.0,1987.0],"Repetitions":30}