{"Average Elapsed Time (s)":1.0119601684000004,"Average Evolution":[],"Average Objective":1986.4666666666667,"Best objectives":[1987.0,1987.0,1987.0,1987.0,1987.0,1987.0,1987.0,1987.0,1987.0,1987.0,1987.0,1987.0,1981.0,1987.0,1987.0,1987.0,1987.0,1987.0,1987.0,1987.0,1981.0,1987.0,1987.0,1985.0,1987.0,1987.0,1987.0,1987.0,1987.0,1985.0],"Repetitions":30}