{"Average Elapsed Time (s)":10.943021769399998,"Average Evolution":[[300000,26737.0]],"Average Objective":36531.066666666666,"Repetitions":30}