{"Average Elapsed Time (s)":0.8420611826333337,"Average Evolution":[[300000,42060.0]],"Average Objective":1964.6333333333334,"Repetitions":30}