{"Average Elapsed Time (s)":5.613780093000001,"Average Evolution":[[300000,407790.0]],"Average Objective":18528.466666666667,"Repetitions":30}