{"Average Elapsed Time (s)":6.664755988033335,"Average Evolution":[[300000,404100.0]],"Average Objective":20016.633333333335,"Repetitions":30}