{"Average Elapsed Time (s)":1.7089263017666665,"Average Evolution":[],"Average Objective":3560.9666666666667,"Best objectives":[3591.0,3673.0,3619.0,3546.0,3482.0,3479.0,3644.0,3590.0,3486.0,3654.0,3640.0,3551.0,3644.0,3447.0,3482.0,3406.0,3483.0,3533.0,3544.0,3514.0,3577.0,3693.0,3479.0,3581.0,3571.0,3439.0,3599.0,3637.0,3553.0,3692.0],"Repetitions":30}