{"Average Elapsed Time (s)":6.661308919366666,"Average Evolution":[[300000,392370.0]],"Average Objective":16706.133333333335,"Repetitions":30}