{"Average Elapsed Time (s)":0.9548271565333335,"Average Evolution":[[300000,1392.0]],"Average Objective":1889.3333333333333,"Repetitions":30}