{"Average Elapsed Time (s)":12.007047963066666,"Average Evolution":[[300000,27035.0]],"Average Objective":34095.166666666664,"Repetitions":30}