{"Average Elapsed Time (s)":2.597247416433334,"Average Objective":30701.966666666667,"Best objectives":[30842.0,30628.0,30823.0,30742.0,30665.0,30696.0,30625.0,30601.0,30774.0,30772.0,30705.0,30874.0,30725.0,30663.0,30606.0,30626.0,30551.0,30626.0,30764.0,30734.0,30721.0,30416.0,30844.0,30750.0,30723.0,30586.0,30648.0,30646.0,30821.0,30862.0],"Repetitions":30}