{"Average Elapsed Time (s)":2.6488729991,"Average Objective":30819.333333333332,"Best objectives":[30742.0,30849.0,30795.0,30633.0,30856.0,30828.0,30733.0,30840.0,30806.0,30725.0,30779.0,30911.0,30617.0,30852.0,30897.0,30914.0,30848.0,30906.0,30789.0,30914.0,30884.0,30966.0,30830.0,30653.0,30695.0,30803.0,30848.0,30922.0,30871.0,30874.0],"Repetitions":30}