{"Average Elapsed Time (s)":4.8562701588,"Average Objective":31193.666666666668,"Best objectives":[31152.0,31265.0,31116.0,31225.0,31126.0,31128.0,31175.0,31291.0,31003.0,31185.0,31025.0,31200.0,31295.0,31249.0,31135.0,31310.0,31026.0,31253.0,31215.0,31076.0,31115.0,31274.0,31184.0,31346.0,31296.0,31214.0,31212.0,31254.0,31165.0,31300.0],"Repetitions":30}