{"Average Elapsed Time (s)":7.8359765293,"Average Objective":31456.933333333334,"Best objectives":[31492.0,31355.0,31406.0,31616.0,31594.0,31474.0,31555.0,31560.0,31605.0,30856.0,31351.0,31426.0,31526.0,31524.0,31376.0,31475.0,31496.0,31566.0,31506.0,31436.0,31515.0,31544.0,31330.0,31346.0,31481.0,31544.0,31446.0,31456.0,31425.0,31426.0],"Repetitions":30}