{"Average Elapsed Time (s)":0.8525416978,"Average Objective":30309.733333333334,"Best objectives":[30260.0,30325.0,30218.0,30379.0,30286.0,30310.0,30231.0,30265.0,30346.0,30393.0,30320.0,30446.0,30394.0,30361.0,30370.0,30345.0,30371.0,30226.0,30254.0,30316.0,30325.0,30321.0,30312.0,30277.0,30270.0,30375.0,30262.0,30260.0,30214.0,30260.0],"Repetitions":30}