{"Average Elapsed Time (s)":0.8660216755333333,"Average Objective":30334.933333333334,"Best objectives":[30273.0,30409.0,30295.0,30316.0,30313.0,30340.0,30266.0,30323.0,30272.0,30386.0,30314.0,30326.0,30425.0,30346.0,30344.0,30274.0,30378.0,30403.0,30299.0,30274.0,30413.0,30272.0,30370.0,30474.0,30363.0,30318.0,30361.0,30310.0,30306.0,30285.0],"Repetitions":30}