Configuration, Best/Avg. Results, Avg. Time
SSGA_PopSize32_Evals1e6_MR005_CR_08_PSTL, 25020.5, 22.462717868
SSGA_PopSize32_Evals1e6_MR01_CR_07_OMP4, 25042.1, 20.623944973199997
SSGA_PopSize32_Evals1e6_MR01_CR_07_PSTL, 25010.5, 20.4459448851
SSGA_PopSize32_Evals1e6_MR01_CR_07_Seq, 25198.9, 60.3689574729
SSGA_PopSize32_Evals1e6_MR005_CR_08_OMP4, 25041.3, 22.7725544248
SSGA_PopSize32_Evals1e6_MR005_CR_08_Seq, 25198.0, 65.41809863339999
Dynamic, 26816.0, 0.0887918
