Configuration,Average Objective,Average Elapsed Time (s),Ratio Avg Objective / Avg Elapsed Time
One-vs-OneGA_PopSize32_Evals250K_MR0.050000_CR_0.800000_SEQ,25058.6,12.9882421763,1929.3295936323939
SSGA_PopSize32_Evals250K_MR0.100000_CR_0.700000_OMP,25058.3,14.816572319300002,1691.234616211414
One-vs-OneGA_PopSize32_Evals250K_MR0.050000_CR_0.800000_OMP,25081.1,13.087549169399997,1916.4092279891584
One-vs-OneGA_PopSize32_Evals250K_MR0.100000_CR_0.700000_OMP,25076.2,14.213206466900001,1764.2887309347088
SSGA_PopSize32_Evals250K_MR0.050000_CR_0.800000_OMP,25066.5,12.7806135776,1961.2908134499046
SSGA_PopSize32_Evals250K_MR0.050000_CR_0.800000_SEQ,25052.5,12.968031673299999,1931.8660403629972
SSGA_PopSize32_Evals250K_MR0.100000_CR_0.700000_SEQ,25080.9,13.774462062700001,1820.826097297608
One-vs-OneGA_PopSize32_Evals250K_MR0.100000_CR_0.700000_SEQ,25061.7,13.829753290400001,1812.1581400440973
Dynamic,26816.0,0.0887918,302009.8702808142
