Configuration,Average Objective,Average Elapsed Time (s),Avg. difference with optimal
SSGA_PopSize32_Evals250K_MR0.100000_CR_0.700000_SEQ,1348.7,1.0614994146,76.29999999999995
One-vs-OneGA_PopSize32_Evals250K_MR0.050000_CR_0.800000_SEQ,1345.0,1.0181983157,80.0
SSGA_PopSize32_Evals250K_MR0.050000_CR_0.800000_OMP,1352.9,1.0255307210000002,72.09999999999991
SSGA_PopSize32_Evals250K_MR0.050000_CR_0.800000_SEQ,1346.8,1.0199541629,78.20000000000005
One-vs-OneGA_PopSize32_Evals250K_MR0.050000_CR_0.800000_OMP,1351.6,1.0336630012,73.40000000000009
SSGA_PopSize32_Evals250K_MR0.100000_CR_0.700000_OMP,1356.6,1.0773179613000001,68.40000000000009
One-vs-OneGA_PopSize32_Evals250K_MR0.100000_CR_0.700000_SEQ,1350.0,1.0578232952,75.0
One-vs-OneGA_PopSize32_Evals250K_MR0.100000_CR_0.700000_OMP,1346.5,1.0795896457,78.5
Dynamic,1425.0,0.000298099,4780291.111342205
