Configuration,Average Objective,Average Elapsed Time (s),Ratio Avg Objective / Avg Elapsed Time
SSGA_PopSize32_Evals250K_MR0.100000_CR_0.700000_SEQ,2539.6,1.6407091045999997,1547.867317173904
One-vs-OneGA_PopSize32_Evals250K_MR0.050000_CR_0.800000_OMP,2553.5,1.5806056272000002,1615.5199981942717
SSGA_PopSize32_Evals250K_MR0.050000_CR_0.800000_OMP,2552.0,1.5623970991,1633.3875693125958
SSGA_PopSize32_Evals250K_MR0.050000_CR_0.800000_SEQ,2541.1,1.5588096989,1630.1540860267737
One-vs-OneGA_PopSize32_Evals250K_MR0.100000_CR_0.700000_OMP,2554.2,1.6520463053,1546.0825715391645
SSGA_PopSize32_Evals250K_MR0.100000_CR_0.700000_OMP,2548.1,1.6831846237,1513.8565099286202
One-vs-OneGA_PopSize32_Evals250K_MR0.050000_CR_0.800000_SEQ,2538.4,1.5538347653,1633.635735721172
One-vs-OneGA_PopSize32_Evals250K_MR0.100000_CR_0.700000_SEQ,2546.1,1.6494391551,1543.6155932927627
Dynamic,2703.0,0.000658297,4106049.3971566027
