Configuration,Average Objective,Average Elapsed Time (s),Avg. difference with optimal
One-vs-OneGA_PopSize32_Evals250K_MR0.050000_CR_0.800000_OMP,12497.8,6.6438323919,818.2000000000007
SSGA_PopSize32_Evals250K_MR0.050000_CR_0.800000_SEQ,12504.1,6.579092261200001,811.8999999999996
One-vs-OneGA_PopSize32_Evals250K_MR0.100000_CR_0.700000_SEQ,12496.5,7.0177178422,819.5
SSGA_PopSize32_Evals250K_MR0.100000_CR_0.700000_SEQ,12495.5,7.106869530999999,820.5
One-vs-OneGA_PopSize32_Evals250K_MR0.050000_CR_0.800000_SEQ,12497.1,6.536054191300001,818.8999999999996
One-vs-OneGA_PopSize32_Evals250K_MR0.100000_CR_0.700000_OMP,12514.6,7.195757582900001,801.3999999999996
SSGA_PopSize32_Evals250K_MR0.100000_CR_0.700000_OMP,12500.8,7.069849195000001,815.2000000000007
SSGA_PopSize32_Evals250K_MR0.050000_CR_0.800000_OMP,12481.4,6.5381330471,834.6000000000004
Dynamic,13316.0,0.0170575,780653.6714055401
