Configuration, Best/Avg. Results, Avg. Time
SSGA_PopSize32_Evals1e6_MR01_CR_07_PSTL, 2539.1, 3.1063842856
SSGA_PopSize32_Evals1e6_MR01_CR_07_Seq, 2568.7, 4.9831125317
SSGA_PopSize32_Evals1e6_MR005_CR_08_OMP4, 2542.3, 3.3473633811
SSGA_PopSize32_Evals1e6_MR01_CR_07_OMP4, 2542.7, 3.1223896918999996
SSGA_PopSize32_Evals1e6_MR005_CR_08_Seq, 2579.4, 5.437760772899999
SSGA_PopSize32_Evals1e6_MR005_CR_08_PSTL, 2531.5, 3.326715947700001
Dynamic, 2703.0, 0.000658297
