Configuration, Best/Avg. Results, Avg. Time
SSGA_PopSize32_Evals1e6_MR01_CR_07_Seq, 1366.0, 2.9903230999000003
SSGA_PopSize32_Evals1e6_MR005_CR_08_PSTL, 1344.7, 2.259960426
SSGA_PopSize32_Evals1e6_MR01_CR_07_OMP4, 1346.8, 2.1542472582000003
SSGA_PopSize32_Evals1e6_MR005_CR_08_Seq, 1372.3, 3.1302597110000003
SSGA_PopSize32_Evals1e6_MR01_CR_07_PSTL, 1342.9, 2.1462401136
SSGA_PopSize32_Evals1e6_MR005_CR_08_OMP4, 1350.0, 2.2673999247
Dynamic, 1425.0, 0.000298099
