Configuration,Average Objective,Average Elapsed Time (s),Ratio Avg Objective / Avg Elapsed Time
SSGA_PopSize32_Evals250K_MR0.050000_CR_0.800000_OMP,12301.2,7.0310319132000005,1749.558265680153
One-vs-OneGA_PopSize32_Evals250K_MR0.100000_CR_0.700000_SEQ,12311.9,8.0676241266,1526.0874585624376
SSGA_PopSize32_Evals250K_MR0.100000_CR_0.700000_OMP,12323.4,8.215307270500002,1500.0534483051624
One-vs-OneGA_PopSize32_Evals250K_MR0.050000_CR_0.800000_SEQ,12315.4,6.900974719999999,1784.588482016639
One-vs-OneGA_PopSize32_Evals250K_MR0.100000_CR_0.700000_OMP,12293.4,8.1295158648,1512.1933709766415
One-vs-OneGA_PopSize32_Evals250K_MR0.050000_CR_0.800000_OMP,12336.6,6.922706369799999,1782.0487163543253
SSGA_PopSize32_Evals250K_MR0.050000_CR_0.800000_SEQ,12302.9,6.858803887400001,1793.738412990799
SSGA_PopSize32_Evals250K_MR0.100000_CR_0.700000_SEQ,12322.9,7.70054703,1600.2629361254612
Dynamic,13303.0,0.010322,1288800.620034877
