Configuration,Average Objective,Average Elapsed Time (s),Ratio Avg Objective / Avg Elapsed Time
SSGA_PopSize32_Evals250K_MR0.100000_CR_0.700000_OMP,18788.9,15.3734822452,1222.1629231637733
One-vs-OneGA_PopSize32_Evals250K_MR0.050000_CR_0.800000_OMP,18783.8,13.280911337000001,1414.3457119293619
SSGA_PopSize32_Evals250K_MR0.050000_CR_0.800000_SEQ,18765.8,13.940093637799999,1346.1746016622587
SSGA_PopSize32_Evals250K_MR0.050000_CR_0.800000_OMP,18820.5,13.427245707999997,1401.664973538593
One-vs-OneGA_PopSize32_Evals250K_MR0.050000_CR_0.800000_SEQ,18855.7,13.4170408931,1405.3545897513773
SSGA_PopSize32_Evals250K_MR0.100000_CR_0.700000_SEQ,18777.3,15.4478824708,1215.525819509137
One-vs-OneGA_PopSize32_Evals250K_MR0.100000_CR_0.700000_OMP,18758.6,15.2205051145,1232.4558126608683
One-vs-OneGA_PopSize32_Evals250K_MR0.100000_CR_0.700000_SEQ,18818.0,15.213207046499999,1236.9515475916257
Dynamic,20613.0,0.0295741,696995.0057651796
