Configuration,Average Objective,Average Elapsed Time (s),Avg. difference with optimal
SSGA_PopSize32_Evals250K_MR0.100000_CR_0.700000_SEQ,1103.4,1.1079315691999998,86.59999999999991
One-vs-OneGA_PopSize32_Evals250K_MR0.050000_CR_0.800000_OMP,1110.7,1.0597508543999998,79.29999999999995
One-vs-OneGA_PopSize32_Evals250K_MR0.100000_CR_0.700000_OMP,1110.1,1.1147501058,79.90000000000009
SSGA_PopSize32_Evals250K_MR0.050000_CR_0.800000_OMP,1100.2,1.0634830236,89.79999999999995
SSGA_PopSize32_Evals250K_MR0.100000_CR_0.700000_OMP,1103.9,1.1270685045,86.09999999999991
One-vs-OneGA_PopSize32_Evals250K_MR0.050000_CR_0.800000_SEQ,1095.6,1.0375423359,94.40000000000009
SSGA_PopSize32_Evals250K_MR0.050000_CR_0.800000_SEQ,1099.6,1.0404112077,90.40000000000009
One-vs-OneGA_PopSize32_Evals250K_MR0.100000_CR_0.700000_SEQ,1108.1,1.1102218393999999,81.90000000000009
Dynamic,1190.0,8.5502e-05,13917803.092325326
