Configuration, Best/Avg. Results, Avg. Time
SSGA_PopSize32_Evals1e6_MR005_CR_08_PSTL, 12280.2, 11.859243642800001
SSGA_PopSize32_Evals1e6_MR005_CR_08_OMP4, 12291.7, 11.9663559664
SSGA_PopSize32_Evals1e6_MR005_CR_08_Seq, 12446.1, 36.3048429936
SSGA_PopSize32_Evals1e6_MR01_CR_07_OMP4, 12277.6, 10.849397559100002
SSGA_PopSize32_Evals1e6_MR01_CR_07_PSTL, 12265.2, 10.8519280714
SSGA_PopSize32_Evals1e6_MR01_CR_07_Seq, 12415.3, 28.993434455800003
Dynamic, 13303.0, 0.010322
