Configuration, Best/Avg. Results, Avg. Time
SSGA_PopSize32_Evals1e6_MR005_CR_08_Seq, 1134.1, 3.5155231411
SSGA_PopSize32_Evals1e6_MR01_CR_07_Seq, 1125.8, 3.3323499657000006
SSGA_PopSize32_Evals1e6_MR01_CR_07_OMP4, 1099.7, 2.1533199416000004
SSGA_PopSize32_Evals1e6_MR005_CR_08_OMP4, 1095.5, 2.2682707972
SSGA_PopSize32_Evals1e6_MR005_CR_08_PSTL, 1099.4, 2.2527393309
SSGA_PopSize32_Evals1e6_MR01_CR_07_PSTL, 1094.8, 2.1580147074000005
Dynamic, 1190.0, 8.5502e-05
