Configuration,Average Objective,Average Elapsed Time (s),Avg. difference with optimal
SSGA_PopSize32_Evals250K_MR0.100000_CR_0.700000_SEQ,3056.3,1.7567894466999998,166.69999999999982
SSGA_PopSize32_Evals250K_MR0.050000_CR_0.800000_OMP,3026.7,1.6332867447,196.30000000000018
One-vs-OneGA_PopSize32_Evals250K_MR0.100000_CR_0.700000_OMP,3039.8,1.7996685253,183.19999999999982
SSGA_PopSize32_Evals250K_MR0.100000_CR_0.700000_OMP,3028.8,1.7923086949999998,194.19999999999982
SSGA_PopSize32_Evals250K_MR0.050000_CR_0.800000_SEQ,3052.3,1.6084254446,170.69999999999982
One-vs-OneGA_PopSize32_Evals250K_MR0.050000_CR_0.800000_OMP,3027.7,1.6401733586999998,195.30000000000018
One-vs-OneGA_PopSize32_Evals250K_MR0.050000_CR_0.800000_SEQ,3028.4,1.6224063612,194.5999999999999
One-vs-OneGA_PopSize32_Evals250K_MR0.100000_CR_0.700000_SEQ,3029.5,1.7887713327999997,193.5
Dynamic,3223.0,0.000499176,6456640.543615879
