Configuration, Best/Avg. Results, Avg. Time
SSGA_PopSize32_Evals1e6_MR01_CR_07_Seq, 15030.0, 34.823525808899994
SSGA_PopSize32_Evals1e6_MR005_CR_08_OMP4, 14930.5, 11.985862784000002
SSGA_PopSize32_Evals1e6_MR005_CR_08_PSTL, 14895.8, 11.849080881199999
SSGA_PopSize32_Evals1e6_MR01_CR_07_PSTL, 14881.2, 10.8479110616
SSGA_PopSize32_Evals1e6_MR005_CR_08_Seq, 15077.0, 37.5197701077
SSGA_PopSize32_Evals1e6_MR01_CR_07_OMP4, 14918.3, 10.840080985399998
Dynamic, 15946.0, 0.0124676
