Configuration,Average Objective,Average Elapsed Time (s),Ratio Avg Objective / Avg Elapsed Time
SSGA_PopSize32_Evals250K_MR0.100000_CR_0.700000_OMP,30007.2,18.866385697299997,1590.5113189907056
SSGA_PopSize32_Evals250K_MR0.100000_CR_0.700000_SEQ,30024.1,17.7625421815,1690.30421958804
One-vs-OneGA_PopSize32_Evals250K_MR0.100000_CR_0.700000_SEQ,30012.1,17.97386889,1669.7629310458378
One-vs-OneGA_PopSize32_Evals250K_MR0.100000_CR_0.700000_OMP,30043.2,17.8124509909,1686.640430076042
SSGA_PopSize32_Evals250K_MR0.050000_CR_0.800000_SEQ,29980.5,15.1632134024,1977.1864448768329
One-vs-OneGA_PopSize32_Evals250K_MR0.050000_CR_0.800000_SEQ,30062.6,14.541742248099998,2067.3313752296726
SSGA_PopSize32_Evals250K_MR0.050000_CR_0.800000_OMP,30010.4,15.5097756667,1934.9344984036952
One-vs-OneGA_PopSize32_Evals250K_MR0.050000_CR_0.800000_OMP,30008.3,15.013006689700001,1998.8201311192277
Dynamic,32076.0,0.0865988,370397.74223199394
