Configuration,Average Objective,Average Elapsed Time (s),Ratio Avg Objective / Avg Elapsed Time
SSGA_PopSize32_Evals250K_MR0.050000_CR_0.800000_OMP,14938.0,7.3525221343,2031.683785120924
SSGA_PopSize32_Evals250K_MR0.050000_CR_0.800000_SEQ,14953.9,7.291026229800001,2051.000713573101
SSGA_PopSize32_Evals250K_MR0.100000_CR_0.700000_OMP,14960.0,8.5939425488,1740.7609970686754
One-vs-OneGA_PopSize32_Evals250K_MR0.050000_CR_0.800000_OMP,14976.9,7.2460632171,2066.901647318779
One-vs-OneGA_PopSize32_Evals250K_MR0.100000_CR_0.700000_OMP,14993.4,8.3431994323,1797.0803792552654
One-vs-OneGA_PopSize32_Evals250K_MR0.050000_CR_0.800000_SEQ,14982.6,7.220999579000001,2074.8650981191254
One-vs-OneGA_PopSize32_Evals250K_MR0.100000_CR_0.700000_SEQ,14944.4,8.506330264899999,1756.85630990201
SSGA_PopSize32_Evals250K_MR0.100000_CR_0.700000_SEQ,14978.2,8.3433788427,1795.219932162748
Dynamic,15946.0,0.0124676,1278995.155442908
