Configuration, Best/Avg. Results, Avg. Time
SSGA_PopSize32_Evals1e6_MR01_CR_07_PSTL, 29895.8, 20.391664507199998
SSGA_PopSize32_Evals1e6_MR005_CR_08_Seq, 30119.0, 95.42845196210001
SSGA_PopSize32_Evals1e6_MR005_CR_08_OMP4, 29940.4, 22.8340678203
SSGA_PopSize32_Evals1e6_MR01_CR_07_Seq, 30112.0, 81.08781626620001
SSGA_PopSize32_Evals1e6_MR005_CR_08_PSTL, 29876.8, 22.425292294400002
SSGA_PopSize32_Evals1e6_MR01_CR_07_OMP4, 29916.1, 20.5618038977
Dynamic, 32076.0, 0.0865988
