Configuration,Average Objective,Average Elapsed Time (s),Ratio Avg Objective / Avg Elapsed Time
SSGA_PopSize32_Evals250K_MR0.100000_CR_0.700000_SEQ,1606.1,1.1095705536,1447.496957078584
One-vs-OneGA_PopSize32_Evals250K_MR0.100000_CR_0.700000_OMP,1600.4,1.1297048739999997,1416.6531780405512
SSGA_PopSize32_Evals250K_MR0.050000_CR_0.800000_SEQ,1597.6,1.0434043642,1531.141765182201
SSGA_PopSize32_Evals250K_MR0.050000_CR_0.800000_OMP,1604.1,1.0631056959,1508.8810136060902
One-vs-OneGA_PopSize32_Evals250K_MR0.050000_CR_0.800000_SEQ,1591.0,1.0452489799999998,1522.1253791608583
SSGA_PopSize32_Evals250K_MR0.100000_CR_0.700000_OMP,1600.7,1.1277732223999999,1419.345634571435
One-vs-OneGA_PopSize32_Evals250K_MR0.100000_CR_0.700000_SEQ,1597.0,1.1142086804,1433.304216788796
One-vs-OneGA_PopSize32_Evals250K_MR0.050000_CR_0.800000_OMP,1600.7,1.0555019031000001,1516.529714725059
Dynamic,1675.0,0.00012608,13285215.736040607
