Configuration,Average Objective,Average Elapsed Time (s),Ratio Avg Objective / Avg Elapsed Time
One-vs-OneGA_PopSize32_Evals250K_MR0.050000_CR_0.800000_OMP,12445.0,6.818048694699999,1825.3023052877436
SSGA_PopSize32_Evals250K_MR0.050000_CR_0.800000_SEQ,12444.6,7.0996740248000005,1752.8410398181018
SSGA_PopSize32_Evals250K_MR0.050000_CR_0.800000_OMP,12444.9,6.732806599000002,1848.3970714157144
One-vs-OneGA_PopSize32_Evals250K_MR0.100000_CR_0.700000_OMP,12445.6,8.0256134127,1550.735047903711
One-vs-OneGA_PopSize32_Evals250K_MR0.050000_CR_0.800000_SEQ,12444.3,6.9048687618,1802.250039688799
SSGA_PopSize32_Evals250K_MR0.100000_CR_0.700000_OMP,12445.3,7.9132828727,1572.7101128831102
SSGA_PopSize32_Evals250K_MR0.100000_CR_0.700000_SEQ,12445.3,7.8388467438,1587.6442551761068
One-vs-OneGA_PopSize32_Evals250K_MR0.100000_CR_0.700000_SEQ,12445.6,7.711860052400001,1613.825966165817
Dynamic,12446.0,0.0251584,494705.5456626812
