Configuration,Average Objective,Average Elapsed Time (s),Avg. difference with optimal
SSGA_PopSize32_Evals250K_MR0.050000_CR_0.800000_OMP,2531.6,1.6031329349,1.400000000000091
One-vs-OneGA_PopSize32_Evals250K_MR0.100000_CR_0.700000_SEQ,2532.6,1.7091445396,0.40000000000009095
One-vs-OneGA_PopSize32_Evals250K_MR0.100000_CR_0.700000_OMP,2531.6,1.7714160777,1.400000000000091
SSGA_PopSize32_Evals250K_MR0.100000_CR_0.700000_OMP,2532.6,1.7531739694,0.40000000000009095
SSGA_PopSize32_Evals250K_MR0.050000_CR_0.800000_SEQ,2531.4,1.5909823166,1.599999999999909
One-vs-OneGA_PopSize32_Evals250K_MR0.050000_CR_0.800000_SEQ,2531.9,1.5914027684,1.099999999999909
One-vs-OneGA_PopSize32_Evals250K_MR0.050000_CR_0.800000_OMP,2531.8,1.5978690576,1.199999999999818
SSGA_PopSize32_Evals250K_MR0.100000_CR_0.700000_SEQ,2532.4,1.7251749132,0.599999999999909
Dynamic,2533.0,0.000927109,2732149.0784794455
