Configuration,Average Objective,Average Elapsed Time (s),Avg. difference with optimal
SSGA_PopSize32_Evals250K_MR0.100000_CR_0.700000_SEQ,1344.4,1.0847129437,0.599999999999909
One-vs-OneGA_PopSize32_Evals250K_MR0.100000_CR_0.700000_SEQ,1343.4,1.093323532,1.599999999999909
One-vs-OneGA_PopSize32_Evals250K_MR0.050000_CR_0.800000_SEQ,1343.9,1.0277850192,1.099999999999909
One-vs-OneGA_PopSize32_Evals250K_MR0.100000_CR_0.700000_OMP,1343.5,1.1149066894000002,1.5
One-vs-OneGA_PopSize32_Evals250K_MR0.050000_CR_0.800000_OMP,1341.9,1.0467264915999999,3.099999999999909
SSGA_PopSize32_Evals250K_MR0.050000_CR_0.800000_OMP,1341.4,1.0418566809,3.599999999999909
SSGA_PopSize32_Evals250K_MR0.100000_CR_0.700000_OMP,1343.2,1.0953579136,1.7999999999999545
SSGA_PopSize32_Evals250K_MR0.050000_CR_0.800000_SEQ,1343.7,1.0233166028,1.2999999999999545
Dynamic,1345.0,0.000246196,5463126.939511608
