Configuration,Average Objective,Average Elapsed Time (s),Avg. difference with optimal
One-vs-OneGA_PopSize32_Evals250K_MR0.100000_CR_0.700000_SEQ,26955.7,16.6143051358,14219.3
SSGA_PopSize32_Evals250K_MR0.050000_CR_0.800000_OMP,27244.3,14.507796312199996,13930.7
One-vs-OneGA_PopSize32_Evals250K_MR0.050000_CR_0.800000_SEQ,26832.2,14.1355842723,14342.8
One-vs-OneGA_PopSize32_Evals250K_MR0.100000_CR_0.700000_OMP,26866.4,16.6707992961,14308.599999999999
SSGA_PopSize32_Evals250K_MR0.100000_CR_0.700000_OMP,26667.3,16.7027897017,14507.7
SSGA_PopSize32_Evals250K_MR0.100000_CR_0.700000_SEQ,26988.1,16.993593580499997,14186.900000000001
One-vs-OneGA_PopSize32_Evals250K_MR0.050000_CR_0.800000_OMP,27065.9,14.055736035599997,14109.099999999999
SSGA_PopSize32_Evals250K_MR0.050000_CR_0.800000_SEQ,27163.4,14.235380908699998,14011.599999999999
Dynamic,41175.0,0.0902305,456331.28487595654
