Configuration,Average Objective,Average Elapsed Time (s),Avg. difference with optimal
One-vs-OneGA_PopSize32_Evals250K_MR0.100000_CR_0.700000_OMP,1593.0,1.1026927882000002,376.0
SSGA_PopSize32_Evals250K_MR0.050000_CR_0.800000_SEQ,1617.4,1.0310106399,351.5999999999999
One-vs-OneGA_PopSize32_Evals250K_MR0.050000_CR_0.800000_OMP,1567.5,1.0464215168,401.5
One-vs-OneGA_PopSize32_Evals250K_MR0.100000_CR_0.700000_SEQ,1465.4,1.0923374242,503.5999999999999
One-vs-OneGA_PopSize32_Evals250K_MR0.050000_CR_0.800000_SEQ,1523.6,1.0175538337,445.4000000000001
SSGA_PopSize32_Evals250K_MR0.050000_CR_0.800000_OMP,1567.9,1.0535768139,401.0999999999999
SSGA_PopSize32_Evals250K_MR0.100000_CR_0.700000_SEQ,1555.8,1.0897390754999998,413.20000000000005
SSGA_PopSize32_Evals250K_MR0.100000_CR_0.700000_OMP,1580.6,1.0916659023,388.4000000000001
Dynamic,1969.0,0.00023609,8340039.815324664
