Configuration,Average Objective,Average Elapsed Time (s),Ratio Avg Objective / Avg Elapsed Time
SSGA_PopSize32_Evals250K_MR0.050000_CR_0.800000_SEQ,13866.6,6.953648694399999,1994.1473332075616
One-vs-OneGA_PopSize32_Evals250K_MR0.100000_CR_0.700000_SEQ,13469.8,8.0683587827,1669.4597207156494
One-vs-OneGA_PopSize32_Evals250K_MR0.100000_CR_0.700000_OMP,13703.5,8.137081939,1684.0803746022104
SSGA_PopSize32_Evals250K_MR0.050000_CR_0.800000_OMP,13399.1,7.0238778525,1907.6499166668843
SSGA_PopSize32_Evals250K_MR0.100000_CR_0.700000_OMP,13506.2,8.1263736134,1662.0205570820574
One-vs-OneGA_PopSize32_Evals250K_MR0.050000_CR_0.800000_OMP,13391.5,7.0691333938,1894.3623290154699
One-vs-OneGA_PopSize32_Evals250K_MR0.050000_CR_0.800000_SEQ,13683.0,6.956481149,1966.9427267788892
SSGA_PopSize32_Evals250K_MR0.100000_CR_0.700000_SEQ,13600.8,8.191598276499999,1660.335326625804
Dynamic,20718.0,0.0230782,897730.3255886508
