Configuration,average_best_objective,average_elapsed_time,diff_with_optimal
Dynamic,13316.0,0.0170575,0
One-vs-OneGA_PopSize32_Evals500K_MR0.100000_CR_0.700000_OMP_2,12498.6,10.2625038171,817.3999999999996
SSGA_PopSize32_Evals500K_MR0.050000_CR_0.800000_SEQ,12501.0,9.4487695995,815.0
SSGA_PopSize32_Evals500K_MR0.050000_CR_0.800000_OMP_2,12505.5,9.569355957199999,810.5
SSGA_PopSize32_Evals500K_MR0.100000_CR_0.700000_SEQ,12514.1,10.2044457259,801.8999999999996
One-vs-OneGA_PopSize32_Evals500K_MR0.050000_CR_0.800000_SEQ,12497.9,9.6298917847,818.1000000000004
One-vs-OneGA_PopSize32_Evals500K_MR0.100000_CR_0.700000_SEQ,12493.2,10.5240851444,822.7999999999993
SSGA_PopSize32_Evals500K_MR0.100000_CR_0.700000_OMP_2,12518.6,10.504301986300002,797.3999999999996
One-vs-OneGA_PopSize32_Evals500K_MR0.050000_CR_0.800000_OMP_2,12505.1,9.5142176871,810.8999999999996
