Configuration,average_best_objective,average_elapsed_time,diff_with_optimal
Dynamic,26816.0,0.183771,0
ParGA_PopSize100_Evals300K_MR_0.05_CR_0.8_TH_10,25394.0,1.9015435431,1422.0
ParGA_PopSize100_Evals300K_MR_0.05_CR_0.8_TH_20,25284.2,1.0579240885,1531.7999999999993
ParGA_PopSize100_Evals300K_MR_0.05_CR_0.8_TH_2,25502.7,6.4301623045,1313.2999999999993
ParGA_PopSize100_Evals300K_MR_0.05_CR_0.8_TH_25,25315.0,0.8650619348000002,1501.0
ParGA_PopSize100_Evals300K_MR_0.05_CR_0.8_TH_1,25551.4,11.912228407200004,1264.5999999999985
ParGA_PopSize100_Evals300K_MR_0.05_CR_0.8_TH_5,25434.5,3.3601359602,1381.5
