Configuration,average_best_objective,average_elapsed_time,diff_with_optimal
Dynamic,2703.0,0.000658297,0
SSGA_PopSize32_Evals500K_MR0.100000_CR_0.700000_SEQ,2547.3,2.8721229944,155.69999999999982
One-vs-OneGA_PopSize32_Evals500K_MR0.100000_CR_0.700000_SEQ,2544.3,2.8527881085,158.69999999999982
SSGA_PopSize32_Evals500K_MR0.050000_CR_0.800000_SEQ,2539.8,2.6949417104999998,163.19999999999982
SSGA_PopSize32_Evals500K_MR0.050000_CR_0.800000_OMP_2,2545.4,2.733051121,157.5999999999999
One-vs-OneGA_PopSize32_Evals500K_MR0.100000_CR_0.700000_OMP_2,2546.1,2.9095942688000003,156.9000000000001
One-vs-OneGA_PopSize32_Evals500K_MR0.050000_CR_0.800000_OMP_2,2544.8,2.7334116863999998,158.19999999999982
SSGA_PopSize32_Evals500K_MR0.100000_CR_0.700000_OMP_2,2543.2,2.8881752429,159.80000000000018
One-vs-OneGA_PopSize32_Evals500K_MR0.050000_CR_0.800000_SEQ,2550.5,2.6813741588999997,152.5
