Configuration,average_best_objective,average_elapsed_time,diff_with_optimal
Dynamic,13316.0,0.046009,0
ParGA_PopSize100_Evals300K_MR_0.05_CR_0.8_TH_20,12629.8,0.5303455849,686.2000000000007
ParGA_PopSize100_Evals300K_MR_0.05_CR_0.8_TH_1,12814.2,6.1187330627000005,501.7999999999993
ParGA_PopSize100_Evals300K_MR_0.05_CR_0.8_TH_5,12791.8,1.6423868931,524.2000000000007
ParGA_PopSize100_Evals300K_MR_0.05_CR_0.8_TH_25,12671.3,0.4346420235000001,644.7000000000007
ParGA_PopSize100_Evals300K_MR_0.05_CR_0.8_TH_10,12685.9,0.9572472969,630.1000000000004
ParGA_PopSize100_Evals300K_MR_0.05_CR_0.8_TH_2,12752.4,2.9964454435,563.6000000000004
