Configuration,average_best_objective,average_elapsed_time,diff_with_optimal
Dynamic,2703.0,0.000658297,0
SSGA_PopSize32_Evals300K_MR0.100000_CR_0.700000_OMP_2,2539.6,1.5798101672999998,163.4000000000001
One-vs-OneGA_PopSize32_Evals300K_MR0.100000_CR_0.700000_SEQ,2541.1,1.7748188436999999,161.9000000000001
SSGA_PopSize32_Evals300K_MR0.100000_CR_0.700000_SEQ,2546.9,1.76938383,156.0999999999999
One-vs-OneGA_PopSize32_Evals300K_MR0.050000_CR_0.800000_OMP_2,2558.2,1.4802465717999997,144.80000000000018
One-vs-OneGA_PopSize32_Evals300K_MR0.050000_CR_0.800000_SEQ,2548.4,1.6854497891999998,154.5999999999999
SSGA_PopSize32_Evals300K_MR0.050000_CR_0.800000_OMP_2,2548.6,1.4737389176,154.4000000000001
One-vs-OneGA_PopSize32_Evals300K_MR0.100000_CR_0.700000_OMP_2,2542.4,1.5726195003999999,160.5999999999999
SSGA_PopSize32_Evals300K_MR0.050000_CR_0.800000_SEQ,2537.8,1.6800431275,165.19999999999982
