Configuration,average_best_objective,average_elapsed_time,diff_with_optimal
Dynamic,26816.0,0.0887918,0
One-vs-OneGA_PopSize32_Evals300K_MR0.050000_CR_0.800000_SEQ,25042.9,10.9086483808,1773.0999999999985
SSGA_PopSize32_Evals300K_MR0.050000_CR_0.800000_OMP_2,25082.1,8.0621578426,1733.9000000000015
One-vs-OneGA_PopSize32_Evals300K_MR0.050000_CR_0.800000_OMP_2,25056.0,7.948088866800001,1760.0
One-vs-OneGA_PopSize32_Evals300K_MR0.100000_CR_0.700000_OMP_2,25067.4,9.0319281833,1748.5999999999985
SSGA_PopSize32_Evals300K_MR0.100000_CR_0.700000_OMP_2,25083.1,8.9024226505,1732.9000000000015
SSGA_PopSize32_Evals300K_MR0.050000_CR_0.800000_SEQ,25064.0,10.9151950589,1752.0
One-vs-OneGA_PopSize32_Evals300K_MR0.100000_CR_0.700000_SEQ,25036.8,12.0906689779,1779.2000000000007
SSGA_PopSize32_Evals300K_MR0.100000_CR_0.700000_SEQ,25062.6,11.9006611999,1753.4000000000015
