Configuration,average_best_objective,average_elapsed_time,diff_with_optimal
Dynamic,13316.0,0.0170575,0
SSGA_PopSize32_Evals300K_MR0.050000_CR_0.800000_OMP_2,12486.6,4.272860399000001,829.3999999999996
One-vs-OneGA_PopSize32_Evals300K_MR0.050000_CR_0.800000_OMP_2,12480.7,4.3431415099,835.2999999999993
One-vs-OneGA_PopSize32_Evals300K_MR0.100000_CR_0.700000_OMP_2,12493.3,4.7774418813,822.7000000000007
One-vs-OneGA_PopSize32_Evals300K_MR0.050000_CR_0.800000_SEQ,12497.0,5.705739481799999,819.0
One-vs-OneGA_PopSize32_Evals300K_MR0.100000_CR_0.700000_SEQ,12494.3,6.3943186574999995,821.7000000000007
SSGA_PopSize32_Evals300K_MR0.050000_CR_0.800000_SEQ,12492.3,5.7704030442,823.7000000000007
SSGA_PopSize32_Evals300K_MR0.100000_CR_0.700000_OMP_2,12496.5,4.774289689000001,819.5
SSGA_PopSize32_Evals300K_MR0.100000_CR_0.700000_SEQ,12493.5,6.286605537599999,822.5
