Configuration,average_best_objective,average_elapsed_time,diff_with_optimal
Dynamic,2703.0,0.00186557,0
ParGA_PopSize100_Evals300K_MR_0.05_CR_0.8_TH_20,2620.2,0.1096379519,82.80000000000018
ParGA_PopSize100_Evals300K_MR_0.05_CR_0.8_TH_2,2644.6,0.7020725705,58.40000000000009
ParGA_PopSize100_Evals300K_MR_0.05_CR_0.8_TH_5,2638.0,0.3621994986,65.0
ParGA_PopSize100_Evals300K_MR_0.05_CR_0.8_TH_10,2627.7,0.2001971622,75.30000000000018
ParGA_PopSize100_Evals300K_MR_0.05_CR_0.8_TH_1,2647.6,1.4758249393,55.40000000000009
ParGA_PopSize100_Evals300K_MR_0.05_CR_0.8_TH_25,2630.7,0.08956598880000002,72.30000000000018
