Configuration,average_best_objective,average_elapsed_time,diff_with_optimal
Dynamic,1425.0,0.000298099,0
One-vs-OneGA_PopSize32_Evals500K_MR0.100000_CR_0.700000_OMP_2,1350.1,2.0178079493000003,74.90000000000009
SSGA_PopSize32_Evals500K_MR0.050000_CR_0.800000_SEQ,1355.9,1.9042196466,69.09999999999991
SSGA_PopSize32_Evals500K_MR0.100000_CR_0.700000_SEQ,1352.4,2.0000766483,72.59999999999991
SSGA_PopSize32_Evals500K_MR0.100000_CR_0.700000_OMP_2,1354.5,2.0157280583,70.5
SSGA_PopSize32_Evals500K_MR0.050000_CR_0.800000_OMP_2,1349.4,1.9267133274,75.59999999999991
One-vs-OneGA_PopSize32_Evals500K_MR0.050000_CR_0.800000_SEQ,1346.3,1.8993991474999998,78.70000000000005
One-vs-OneGA_PopSize32_Evals500K_MR0.050000_CR_0.800000_OMP_2,1355.5,1.9289871568000003,69.5
One-vs-OneGA_PopSize32_Evals500K_MR0.100000_CR_0.700000_SEQ,1351.0,1.9940755932999998,74.0
