Configuration,average_best_objective,average_elapsed_time,diff_with_optimal
Dynamic,1425.0,0.000298099,0
SSGA_PopSize32_Evals300K_MR0.100000_CR_0.700000_SEQ,1352.8,1.2547737600000002,72.20000000000005
One-vs-OneGA_PopSize32_Evals300K_MR0.050000_CR_0.800000_OMP_2,1353.8,1.2087502588999999,71.20000000000005
SSGA_PopSize32_Evals300K_MR0.050000_CR_0.800000_SEQ,1348.4,1.1990659066,76.59999999999991
One-vs-OneGA_PopSize32_Evals300K_MR0.100000_CR_0.700000_OMP_2,1349.1,1.2155783007,75.90000000000009
One-vs-OneGA_PopSize32_Evals300K_MR0.050000_CR_0.800000_SEQ,1350.7,1.2031158013999999,74.29999999999995
SSGA_PopSize32_Evals300K_MR0.050000_CR_0.800000_OMP_2,1353.1,1.1963934928,71.90000000000009
SSGA_PopSize32_Evals300K_MR0.100000_CR_0.700000_OMP_2,1350.7,1.2307544041999998,74.29999999999995
One-vs-OneGA_PopSize32_Evals300K_MR0.100000_CR_0.700000_SEQ,1351.1,1.2566796730999998,73.90000000000009
