Configuration,average_best_objective,average_elapsed_time,diff_with_optimal
Dynamic,26816.0,0.0887918,0
SSGA_PopSize32_Evals500K_MR0.100000_CR_0.700000_SEQ,25040.9,20.576786426000005,1775.0999999999985
SSGA_PopSize32_Evals500K_MR0.050000_CR_0.800000_SEQ,25061.7,18.192597975600002,1754.2999999999993
One-vs-OneGA_PopSize32_Evals500K_MR0.100000_CR_0.700000_OMP_2,25077.5,20.4250995471,1738.5
One-vs-OneGA_PopSize32_Evals500K_MR0.050000_CR_0.800000_SEQ,25070.2,18.138293350000005,1745.7999999999993
One-vs-OneGA_PopSize32_Evals500K_MR0.050000_CR_0.800000_OMP_2,25049.7,18.4642716007,1766.2999999999993
SSGA_PopSize32_Evals500K_MR0.100000_CR_0.700000_OMP_2,25054.3,20.0138228245,1761.7000000000007
One-vs-OneGA_PopSize32_Evals500K_MR0.100000_CR_0.700000_SEQ,25059.1,19.8148976227,1756.9000000000015
SSGA_PopSize32_Evals500K_MR0.050000_CR_0.800000_OMP_2,25057.5,18.2515966636,1758.5
