Configuration,average_best_objective,average_elapsed_time,diff_with_optimal
Dynamic,1190.0,8.5502e-05,0
SSGA_PopSize32_Evals300K_MR0.050000_CR_0.800000_SEQ,1102.8,1.2243378893999999,87.20000000000005
One-vs-OneGA_PopSize32_Evals300K_MR0.050000_CR_0.800000_SEQ,1101.1,1.2264108319,88.90000000000009
One-vs-OneGA_PopSize32_Evals300K_MR0.050000_CR_0.800000_OMP_2,1108.4,1.1913684411,81.59999999999991
One-vs-OneGA_PopSize32_Evals300K_MR0.100000_CR_0.700000_SEQ,1098.4,1.3198219742000004,91.59999999999991
One-vs-OneGA_PopSize32_Evals300K_MR0.100000_CR_0.700000_OMP_2,1121.6,1.2728980214999999,68.40000000000009
SSGA_PopSize32_Evals300K_MR0.100000_CR_0.700000_OMP_2,1103.6,1.2547112707,86.40000000000009
SSGA_PopSize32_Evals300K_MR0.050000_CR_0.800000_OMP_2,1110.6,1.1888768069000002,79.40000000000009
SSGA_PopSize32_Evals300K_MR0.100000_CR_0.700000_SEQ,1117.1,1.2934867227999998,72.90000000000009
