Configuration,average_best_objective,average_elapsed_time,diff_with_optimal
Dynamic,1190.0,0.000266264,0
ParGA_PopSize100_Evals300K_MR_0.05_CR_0.8_TH_5,1168.1,0.19114417890000004,21.90000000000009
ParGA_PopSize100_Evals300K_MR_0.05_CR_0.8_TH_25,1153.8,0.0464264262,36.200000000000045
ParGA_PopSize100_Evals300K_MR_0.05_CR_0.8_TH_2,1177.0,0.4041152861,13.0
ParGA_PopSize100_Evals300K_MR_0.05_CR_0.8_TH_20,1156.6,0.05697203120000001,33.40000000000009
ParGA_PopSize100_Evals300K_MR_0.05_CR_0.8_TH_10,1163.1,0.10417191250000002,26.90000000000009
ParGA_PopSize100_Evals300K_MR_0.05_CR_0.8_TH_1,1175.2,0.8954114863999999,14.799999999999955
