Configuration,average_best_objective,average_elapsed_time,diff_with_optimal
Dynamic,3045.0,0.000510712,0
SSGA_PopSize32_Evals300K_MR0.050000_CR_0.800000_OMP_2,3021.0,1.5485444308,24.0
One-vs-OneGA_PopSize32_Evals300K_MR0.050000_CR_0.800000_OMP_2,3022.0,1.4978232939000002,23.0
SSGA_PopSize32_Evals300K_MR0.050000_CR_0.800000_SEQ,3020.5,1.7087013334,24.5
SSGA_PopSize32_Evals300K_MR0.100000_CR_0.700000_SEQ,3020.5,1.8250769741,24.5
One-vs-OneGA_PopSize32_Evals300K_MR0.050000_CR_0.800000_SEQ,3023.5,1.6882626922,21.5
SSGA_PopSize32_Evals300K_MR0.100000_CR_0.700000_OMP_2,3023.1,1.6187829459,21.90000000000009
One-vs-OneGA_PopSize32_Evals300K_MR0.100000_CR_0.700000_SEQ,3020.7,1.8707266654999999,24.300000000000182
One-vs-OneGA_PopSize32_Evals300K_MR0.100000_CR_0.700000_OMP_2,3022.1,1.6247559901,22.90000000000009
