Configuration,average_best_objective,average_elapsed_time,diff_with_optimal
Dynamic,13303.0,0.010322,0
SSGA_PopSize32_Evals300K_MR0.050000_CR_0.800000_SEQ,12340.8,5.9452503326,962.2000000000007
One-vs-OneGA_PopSize32_Evals300K_MR0.100000_CR_0.700000_SEQ,12320.2,6.843414815999999,982.7999999999993
SSGA_PopSize32_Evals300K_MR0.100000_CR_0.700000_SEQ,12314.4,6.7565963744,988.6000000000004
SSGA_PopSize32_Evals300K_MR0.100000_CR_0.700000_OMP_2,12362.5,5.2135233693,940.5
One-vs-OneGA_PopSize32_Evals300K_MR0.050000_CR_0.800000_OMP_2,12274.9,4.6994069967000005,1028.1000000000004
One-vs-OneGA_PopSize32_Evals300K_MR0.050000_CR_0.800000_SEQ,12336.9,6.141982077,966.1000000000004
SSGA_PopSize32_Evals300K_MR0.050000_CR_0.800000_OMP_2,12300.8,4.68745309,1002.2000000000007
One-vs-OneGA_PopSize32_Evals300K_MR0.100000_CR_0.700000_OMP_2,12315.8,5.3315360278999995,987.2000000000007
