Configuration,average_best_objective,average_elapsed_time,diff_with_optimal
Dynamic,20622.0,0.0835565,0
ParGA_PopSize100_Evals300K_MR_0.05_CR_0.8_TH_10,19279.2,1.9109680713000003,1342.7999999999993
ParGA_PopSize100_Evals300K_MR_0.05_CR_0.8_TH_5,19327.4,3.4655910014,1294.5999999999985
ParGA_PopSize100_Evals300K_MR_0.05_CR_0.8_TH_2,19387.8,6.542478247500002,1234.2000000000007
ParGA_PopSize100_Evals300K_MR_0.05_CR_0.8_TH_25,19181.6,0.8587335355000001,1440.4000000000015
ParGA_PopSize100_Evals300K_MR_0.05_CR_0.8_TH_1,19425.1,11.9029927001,1196.9000000000015
ParGA_PopSize100_Evals300K_MR_0.05_CR_0.8_TH_20,19190.0,1.051727536,1432.0
