Configuration,average_best_objective,average_elapsed_time,diff_with_optimal
Dynamic,3045.0,0.000510712,0
One-vs-OneGA_PopSize32_Evals500K_MR0.050000_CR_0.800000_OMP_2,3022.2,2.7994333036000003,22.800000000000182
SSGA_PopSize32_Evals500K_MR0.100000_CR_0.700000_SEQ,3021.9,2.9704659278000003,23.09999999999991
One-vs-OneGA_PopSize32_Evals500K_MR0.100000_CR_0.700000_SEQ,3022.8,2.927570278,22.199999999999818
SSGA_PopSize32_Evals500K_MR0.050000_CR_0.800000_OMP_2,3020.4,2.7595150777999997,24.59999999999991
SSGA_PopSize32_Evals500K_MR0.100000_CR_0.700000_OMP_2,3023.5,3.0235284771,21.5
SSGA_PopSize32_Evals500K_MR0.050000_CR_0.800000_SEQ,3022.9,2.7333996807000007,22.09999999999991
One-vs-OneGA_PopSize32_Evals500K_MR0.100000_CR_0.700000_OMP_2,3020.1,3.0129366792,24.90000000000009
One-vs-OneGA_PopSize32_Evals500K_MR0.050000_CR_0.800000_SEQ,3020.7,2.7505354424,24.300000000000182
