Configuration,average_best_objective,average_elapsed_time,diff_with_optimal
Dynamic,13303.0,0.030374,0
ParGA_PopSize100_Evals300K_MR_0.05_CR_0.8_TH_10,12682.1,0.961081082,620.8999999999996
ParGA_PopSize100_Evals300K_MR_0.05_CR_0.8_TH_2,12698.5,3.1635709035000006,604.5
ParGA_PopSize100_Evals300K_MR_0.05_CR_0.8_TH_5,12672.0,1.6905409185,631.0
ParGA_PopSize100_Evals300K_MR_0.05_CR_0.8_TH_25,12563.2,0.43592671870000005,739.7999999999993
ParGA_PopSize100_Evals300K_MR_0.05_CR_0.8_TH_1,12764.5,6.1180078759,538.5
ParGA_PopSize100_Evals300K_MR_0.05_CR_0.8_TH_20,12538.2,0.5293955856,764.7999999999993
