Configuration,average_best_objective,average_elapsed_time,diff_with_optimal
Dynamic,20613.0,0.0295741,0
One-vs-OneGA_PopSize32_Evals500K_MR0.050000_CR_0.800000_OMP_2,18796.4,18.840699218399998,1816.5999999999985
SSGA_PopSize32_Evals500K_MR0.050000_CR_0.800000_OMP_2,18779.6,19.0718654652,1833.4000000000015
SSGA_PopSize32_Evals500K_MR0.050000_CR_0.800000_SEQ,18789.4,18.7976827022,1823.5999999999985
One-vs-OneGA_PopSize32_Evals500K_MR0.050000_CR_0.800000_SEQ,18782.4,18.6799922221,1830.5999999999985
One-vs-OneGA_PopSize32_Evals500K_MR0.100000_CR_0.700000_OMP_2,18797.3,20.8880829959,1815.7000000000007
SSGA_PopSize32_Evals500K_MR0.100000_CR_0.700000_SEQ,18774.8,21.9214081559,1838.2000000000007
One-vs-OneGA_PopSize32_Evals500K_MR0.100000_CR_0.700000_SEQ,18774.0,21.8047705814,1839.0
SSGA_PopSize32_Evals500K_MR0.100000_CR_0.700000_OMP_2,18800.6,21.034569968600003,1812.4000000000015
