Configuration,average_best_objective,average_elapsed_time,diff_with_optimal
Dynamic,13303.0,0.010322,0
SSGA_PopSize32_Evals500K_MR0.100000_CR_0.700000_OMP_2,12293.9,11.4827503638,1009.1000000000004
SSGA_PopSize32_Evals500K_MR0.050000_CR_0.800000_SEQ,12326.3,10.2460013494,976.7000000000007
SSGA_PopSize32_Evals500K_MR0.100000_CR_0.700000_SEQ,12335.7,11.3691603449,967.2999999999993
One-vs-OneGA_PopSize32_Evals500K_MR0.100000_CR_0.700000_OMP_2,12307.0,11.685181859100002,996.0
SSGA_PopSize32_Evals500K_MR0.050000_CR_0.800000_OMP_2,12323.3,10.1477883892,979.7000000000007
One-vs-OneGA_PopSize32_Evals500K_MR0.050000_CR_0.800000_OMP_2,12317.5,10.0367065952,985.5
One-vs-OneGA_PopSize32_Evals500K_MR0.100000_CR_0.700000_SEQ,12348.8,11.177429987100002,954.2000000000007
One-vs-OneGA_PopSize32_Evals500K_MR0.050000_CR_0.800000_SEQ,12348.4,9.9101426459,954.6000000000004
