Configuration,average_best_objective,average_elapsed_time,diff_with_optimal
Dynamic,1685.0,0.000409965,0
ParGA_PopSize100_Evals300K_MR_0.05_CR_0.8_TH_1,1657.5,0.8951086209,27.5
ParGA_PopSize100_Evals300K_MR_0.05_CR_0.8_TH_20,1649.9,0.05690633070000001,35.09999999999991
ParGA_PopSize100_Evals300K_MR_0.05_CR_0.8_TH_5,1658.5,0.17997618320000003,26.5
ParGA_PopSize100_Evals300K_MR_0.05_CR_0.8_TH_25,1648.9,0.0467098396,36.09999999999991
ParGA_PopSize100_Evals300K_MR_0.05_CR_0.8_TH_2,1658.9,0.4167016083,26.09999999999991
ParGA_PopSize100_Evals300K_MR_0.05_CR_0.8_TH_10,1650.7,0.10294989200000002,34.299999999999955
