Configuration,average_best_objective,average_elapsed_time,diff_with_optimal
Dynamic,15946.0,0.0124676,0
SSGA_PopSize32_Evals300K_MR0.050000_CR_0.800000_OMP_2,14983.8,4.799548913800001,962.2000000000007
SSGA_PopSize32_Evals300K_MR0.100000_CR_0.700000_SEQ,14964.6,7.398372731499999,981.3999999999996
One-vs-OneGA_PopSize32_Evals300K_MR0.050000_CR_0.800000_SEQ,14962.1,6.2743026759000005,983.8999999999996
SSGA_PopSize32_Evals300K_MR0.050000_CR_0.800000_SEQ,14994.2,6.2700111540000005,951.7999999999993
One-vs-OneGA_PopSize32_Evals300K_MR0.100000_CR_0.700000_OMP_2,14950.3,5.7821123786,995.7000000000007
SSGA_PopSize32_Evals300K_MR0.100000_CR_0.700000_OMP_2,14966.0,5.8272592164,980.0
One-vs-OneGA_PopSize32_Evals300K_MR0.100000_CR_0.700000_SEQ,14963.3,7.583767817100001,982.7000000000007
One-vs-OneGA_PopSize32_Evals300K_MR0.050000_CR_0.800000_OMP_2,14966.9,4.8522481079999995,979.1000000000004
