Configuration,average_best_objective,average_elapsed_time,diff_with_optimal
Dynamic,32076.0,0.0865988,0
One-vs-OneGA_PopSize32_Evals500K_MR0.050000_CR_0.800000_OMP_2,30047.7,20.6372125399,2028.2999999999993
SSGA_PopSize32_Evals500K_MR0.050000_CR_0.800000_OMP_2,29975.0,21.6521036981,2101.0
One-vs-OneGA_PopSize32_Evals500K_MR0.100000_CR_0.700000_SEQ,30016.6,25.3213419473,2059.4000000000015
SSGA_PopSize32_Evals500K_MR0.100000_CR_0.700000_SEQ,30034.3,25.187468790300002,2041.7000000000007
One-vs-OneGA_PopSize32_Evals500K_MR0.050000_CR_0.800000_SEQ,29995.5,20.9442039467,2080.5
SSGA_PopSize32_Evals500K_MR0.050000_CR_0.800000_SEQ,29960.1,21.3681597685,2115.9000000000015
One-vs-OneGA_PopSize32_Evals500K_MR0.100000_CR_0.700000_OMP_2,30067.4,25.0023342064,2008.5999999999985
SSGA_PopSize32_Evals500K_MR0.100000_CR_0.700000_OMP_2,30027.4,25.194825900399998,2048.5999999999985
