Configuration,average_best_objective,average_elapsed_time,diff_with_optimal
Dynamic,32076.0,0.152743,0
ParGA_PopSize100_Evals300K_MR_0.05_CR_0.8_TH_25,30269.6,0.8627583696000001,1806.4000000000015
ParGA_PopSize100_Evals300K_MR_0.05_CR_0.8_TH_20,30322.4,1.0605445738000001,1753.5999999999985
ParGA_PopSize100_Evals300K_MR_0.05_CR_0.8_TH_10,30453.4,1.9133190698,1622.5999999999985
ParGA_PopSize100_Evals300K_MR_0.05_CR_0.8_TH_1,30487.4,11.9038454104,1588.5999999999985
ParGA_PopSize100_Evals300K_MR_0.05_CR_0.8_TH_2,30528.3,6.4871224538000005,1547.7000000000007
ParGA_PopSize100_Evals300K_MR_0.05_CR_0.8_TH_5,30431.6,3.3797554762000006,1644.4000000000015
