Configuration,average_best_objective,average_elapsed_time,diff_with_optimal
Dynamic,1675.0,0.00012608,0
SSGA_PopSize32_Evals500K_MR0.050000_CR_0.800000_OMP_2,1596.7,1.9679666384999996,78.29999999999995
One-vs-OneGA_PopSize32_Evals500K_MR0.050000_CR_0.800000_OMP_2,1595.6,1.9692973934000002,79.40000000000009
SSGA_PopSize32_Evals500K_MR0.100000_CR_0.700000_OMP_2,1593.5,2.1088722296,81.5
One-vs-OneGA_PopSize32_Evals500K_MR0.100000_CR_0.700000_OMP_2,1593.1,2.1018141173000005,81.90000000000009
One-vs-OneGA_PopSize32_Evals500K_MR0.050000_CR_0.800000_SEQ,1598.4,1.9445169165000002,76.59999999999991
One-vs-OneGA_PopSize32_Evals500K_MR0.100000_CR_0.700000_SEQ,1603.7,2.0758250596,71.29999999999995
SSGA_PopSize32_Evals500K_MR0.100000_CR_0.700000_SEQ,1594.5,2.0779814527000005,80.5
SSGA_PopSize32_Evals500K_MR0.050000_CR_0.800000_SEQ,1595.6,1.9463124115999997,79.40000000000009
