Configuration,average_best_objective,average_elapsed_time,diff_with_optimal
Dynamic,3223.0,0.000499176,0
SSGA_PopSize32_Evals300K_MR0.100000_CR_0.700000_SEQ,3052.4,1.8609081486999997,170.5999999999999
SSGA_PopSize32_Evals300K_MR0.050000_CR_0.800000_OMP_2,3029.4,1.5375831115000003,193.5999999999999
One-vs-OneGA_PopSize32_Evals300K_MR0.050000_CR_0.800000_OMP_2,3033.1,1.5038772671,189.9000000000001
SSGA_PopSize32_Evals300K_MR0.100000_CR_0.700000_OMP_2,3038.3,1.6488992486,184.69999999999982
SSGA_PopSize32_Evals300K_MR0.050000_CR_0.800000_SEQ,3034.2,1.7300740738999998,188.80000000000018
One-vs-OneGA_PopSize32_Evals300K_MR0.100000_CR_0.700000_OMP_2,3042.3,1.6787110046000002,180.69999999999982
One-vs-OneGA_PopSize32_Evals300K_MR0.050000_CR_0.800000_SEQ,3036.8,1.7144808319,186.19999999999982
One-vs-OneGA_PopSize32_Evals300K_MR0.100000_CR_0.700000_SEQ,3051.0,1.8683811019,172.0
