Configuration,average_best_objective,average_elapsed_time,diff_with_optimal
Dynamic,3223.0,0.000499176,0
One-vs-OneGA_PopSize32_Evals500K_MR0.050000_CR_0.800000_OMP_2,3051.2,2.8165951451,171.80000000000018
SSGA_PopSize32_Evals500K_MR0.100000_CR_0.700000_SEQ,3047.9,3.0641822248999997,175.0999999999999
SSGA_PopSize32_Evals500K_MR0.050000_CR_0.800000_SEQ,3048.0,2.7825793311,175.0
SSGA_PopSize32_Evals500K_MR0.100000_CR_0.700000_OMP_2,3032.5,3.0920388792999995,190.5
One-vs-OneGA_PopSize32_Evals500K_MR0.100000_CR_0.700000_SEQ,3033.9,3.0756767578999997,189.0999999999999
One-vs-OneGA_PopSize32_Evals500K_MR0.050000_CR_0.800000_SEQ,3039.8,2.7974477352,183.19999999999982
SSGA_PopSize32_Evals500K_MR0.050000_CR_0.800000_OMP_2,3030.6,2.8293254108,192.4000000000001
One-vs-OneGA_PopSize32_Evals500K_MR0.100000_CR_0.700000_OMP_2,3041.4,3.0951114520000003,181.5999999999999
