Configuration,average_best_objective,average_elapsed_time,diff_with_optimal
Dynamic,32076.0,0.0865988,0
SSGA_PopSize32_Evals300K_MR0.050000_CR_0.800000_OMP_2,30008.2,9.315120881199999,2067.7999999999993
One-vs-OneGA_PopSize32_Evals300K_MR0.100000_CR_0.700000_OMP_2,30010.2,11.8592842945,2065.7999999999993
SSGA_PopSize32_Evals300K_MR0.050000_CR_0.800000_SEQ,29989.5,12.601586201699998,2086.5
SSGA_PopSize32_Evals300K_MR0.100000_CR_0.700000_SEQ,30064.2,14.750988230399997,2011.7999999999993
One-vs-OneGA_PopSize32_Evals300K_MR0.050000_CR_0.800000_SEQ,30048.4,12.2758441741,2027.5999999999985
One-vs-OneGA_PopSize32_Evals300K_MR0.050000_CR_0.800000_OMP_2,29973.1,9.6345784847,2102.9000000000015
SSGA_PopSize32_Evals300K_MR0.100000_CR_0.700000_OMP_2,30020.3,12.0251819445,2055.7000000000007
One-vs-OneGA_PopSize32_Evals300K_MR0.100000_CR_0.700000_SEQ,29983.9,15.7420657167,2092.0999999999985
