Configuration,average_best_objective,average_elapsed_time,diff_with_optimal
Dynamic,3223.0,0.00154716,0
ParGA_PopSize100_Evals300K_MR_0.05_CR_0.8_TH_10,3137.5,0.1967624616,85.5
ParGA_PopSize100_Evals300K_MR_0.05_CR_0.8_TH_5,3148.8,0.3510999726,74.19999999999982
ParGA_PopSize100_Evals300K_MR_0.05_CR_0.8_TH_25,3108.4,0.08910831500000002,114.59999999999991
ParGA_PopSize100_Evals300K_MR_0.05_CR_0.8_TH_2,3150.3,0.708600469,72.69999999999982
ParGA_PopSize100_Evals300K_MR_0.05_CR_0.8_TH_20,3131.0,0.1096303247,92.0
ParGA_PopSize100_Evals300K_MR_0.05_CR_0.8_TH_1,3149.6,1.478055026,73.40000000000009
