Configuration,average_best_objective,average_elapsed_time,diff_with_optimal
Dynamic,1675.0,0.00012608,0
One-vs-OneGA_PopSize32_Evals300K_MR0.050000_CR_0.800000_SEQ,1590.4,1.229583182,84.59999999999991
SSGA_PopSize32_Evals300K_MR0.050000_CR_0.800000_OMP_2,1601.1,1.2390458635,73.90000000000009
SSGA_PopSize32_Evals300K_MR0.100000_CR_0.700000_OMP_2,1588.7,1.2722579118000001,86.29999999999995
SSGA_PopSize32_Evals300K_MR0.100000_CR_0.700000_SEQ,1595.4,1.3063846919000002,79.59999999999991
SSGA_PopSize32_Evals300K_MR0.050000_CR_0.800000_SEQ,1601.2,1.2374676859999998,73.79999999999995
One-vs-OneGA_PopSize32_Evals300K_MR0.100000_CR_0.700000_OMP_2,1588.2,1.2965342763,86.79999999999995
One-vs-OneGA_PopSize32_Evals300K_MR0.050000_CR_0.800000_OMP_2,1593.7,1.2264232124999999,81.29999999999995
One-vs-OneGA_PopSize32_Evals300K_MR0.100000_CR_0.700000_SEQ,1594.5,1.3068801613,80.5
