Configuration,average_best_objective,average_elapsed_time,diff_with_optimal
Dynamic,15946.0,0.0124676,0
One-vs-OneGA_PopSize32_Evals500K_MR0.100000_CR_0.700000_OMP_2,14953.6,12.571989825800001,992.3999999999996
SSGA_PopSize32_Evals500K_MR0.100000_CR_0.700000_SEQ,14946.0,12.353815358499999,1000.0
One-vs-OneGA_PopSize32_Evals500K_MR0.100000_CR_0.700000_SEQ,14957.8,12.2150025812,988.2000000000007
One-vs-OneGA_PopSize32_Evals500K_MR0.050000_CR_0.800000_OMP_2,14942.9,10.4558799765,1003.1000000000004
SSGA_PopSize32_Evals500K_MR0.050000_CR_0.800000_OMP_2,14939.2,10.6043505522,1006.7999999999993
One-vs-OneGA_PopSize32_Evals500K_MR0.050000_CR_0.800000_SEQ,14973.6,10.5129245796,972.3999999999996
SSGA_PopSize32_Evals500K_MR0.100000_CR_0.700000_OMP_2,14976.4,12.268818099499999,969.6000000000004
SSGA_PopSize32_Evals500K_MR0.050000_CR_0.800000_SEQ,14952.8,10.6640043618,993.2000000000007
