Configuration,average_best_objective,average_elapsed_time,diff_with_optimal
Dynamic,12446.0,0.0251584,0
One-vs-OneGA_PopSize32_Evals300K_MR0.050000_CR_0.800000_OMP_2,12444.6,4.6407551618,1.3999999999996362
SSGA_PopSize32_Evals300K_MR0.100000_CR_0.700000_OMP_2,12445.6,5.3871513353000005,0.3999999999996362
SSGA_PopSize32_Evals300K_MR0.050000_CR_0.800000_OMP_2,12444.8,4.5256835006000005,1.2000000000007276
One-vs-OneGA_PopSize32_Evals300K_MR0.100000_CR_0.700000_OMP_2,12445.8,5.4096058593,0.2000000000007276
SSGA_PopSize32_Evals300K_MR0.050000_CR_0.800000_SEQ,12444.8,6.0715913802,1.2000000000007276
SSGA_PopSize32_Evals300K_MR0.100000_CR_0.700000_SEQ,12445.5,6.6711492773000005,0.5
One-vs-OneGA_PopSize32_Evals300K_MR0.100000_CR_0.700000_SEQ,12445.9,6.9073763913,0.1000000000003638
One-vs-OneGA_PopSize32_Evals300K_MR0.050000_CR_0.800000_SEQ,12445.1,6.232344450699999,0.8999999999996362
