Configuration,average_best_objective,average_elapsed_time,diff_with_optimal
Dynamic,1345.0,0.000246196,0
SSGA_PopSize32_Evals300K_MR0.050000_CR_0.800000_SEQ,1342.9,1.2132152748999998,2.099999999999909
SSGA_PopSize32_Evals300K_MR0.050000_CR_0.800000_OMP_2,1343.0,1.2334982177999998,2.0
SSGA_PopSize32_Evals300K_MR0.100000_CR_0.700000_OMP_2,1343.4,1.2741684806,1.599999999999909
SSGA_PopSize32_Evals300K_MR0.100000_CR_0.700000_SEQ,1343.5,1.2691250091000001,1.5
One-vs-OneGA_PopSize32_Evals300K_MR0.100000_CR_0.700000_SEQ,1344.3,1.3156091852,0.7000000000000455
One-vs-OneGA_PopSize32_Evals300K_MR0.100000_CR_0.700000_OMP_2,1343.8,1.2801567954000002,1.2000000000000455
One-vs-OneGA_PopSize32_Evals300K_MR0.050000_CR_0.800000_SEQ,1342.2,1.2127745808,2.7999999999999545
One-vs-OneGA_PopSize32_Evals300K_MR0.050000_CR_0.800000_OMP_2,1343.3,1.2371540336,1.7000000000000455
