Configuration,average_best_objective,average_elapsed_time,diff_with_optimal
Dynamic,12446.0,0.0383076,0
ParGA_PopSize100_Evals300K_MR_0.05_CR_0.8_TH_1,12446.0,6.112169850100001,0.0
ParGA_PopSize100_Evals300K_MR_0.05_CR_0.8_TH_10,12445.8,0.9553203608000003,0.2000000000007276
ParGA_PopSize100_Evals300K_MR_0.05_CR_0.8_TH_5,12446.0,1.6892139755000002,0.0
ParGA_PopSize100_Evals300K_MR_0.05_CR_0.8_TH_25,12445.1,0.4331887636,0.8999999999996362
ParGA_PopSize100_Evals300K_MR_0.05_CR_0.8_TH_20,12445.7,0.5299493608000001,0.2999999999992724
ParGA_PopSize100_Evals300K_MR_0.05_CR_0.8_TH_2,12446.0,3.1610992358999996,0.0
