Configuration,average_best_objective,average_elapsed_time,diff_with_optimal
Dynamic,2533.0,0.000927109,0
SSGA_PopSize32_Evals500K_MR0.100000_CR_0.700000_OMP_2,2532.8,3.0114782078999993,0.1999999999998181
One-vs-OneGA_PopSize32_Evals500K_MR0.100000_CR_0.700000_OMP_2,2532.5,3.0404753259000006,0.5
One-vs-OneGA_PopSize32_Evals500K_MR0.100000_CR_0.700000_SEQ,2532.8,3.0178859115,0.1999999999998181
SSGA_PopSize32_Evals500K_MR0.100000_CR_0.700000_SEQ,2532.5,3.0519360757,0.5
One-vs-OneGA_PopSize32_Evals500K_MR0.050000_CR_0.800000_SEQ,2532.3,2.7739910376,0.6999999999998181
One-vs-OneGA_PopSize32_Evals500K_MR0.050000_CR_0.800000_OMP_2,2531.5,2.8182615658999994,1.5
SSGA_PopSize32_Evals500K_MR0.050000_CR_0.800000_SEQ,2532.0,2.7754952673,1.0
SSGA_PopSize32_Evals500K_MR0.050000_CR_0.800000_OMP_2,2532.2,2.8090212294,0.8000000000001819
