Configuration,average_best_objective,average_elapsed_time,diff_with_optimal
Dynamic,1345.0,0.000246196,0
One-vs-OneGA_PopSize32_Evals500K_MR0.100000_CR_0.700000_OMP_2,1344.0,2.0525345844,1.0
One-vs-OneGA_PopSize32_Evals500K_MR0.050000_CR_0.800000_OMP_2,1343.8,1.9453102388999999,1.2000000000000455
SSGA_PopSize32_Evals500K_MR0.050000_CR_0.800000_OMP_2,1342.9,1.9484262066,2.099999999999909
One-vs-OneGA_PopSize32_Evals500K_MR0.050000_CR_0.800000_SEQ,1343.8,1.9296786231999998,1.2000000000000455
SSGA_PopSize32_Evals500K_MR0.100000_CR_0.700000_SEQ,1343.8,2.0387957778,1.2000000000000455
SSGA_PopSize32_Evals500K_MR0.050000_CR_0.800000_SEQ,1343.3,1.9166202949000002,1.7000000000000455
SSGA_PopSize32_Evals500K_MR0.100000_CR_0.700000_OMP_2,1344.0,2.0713751356999994,1.0
One-vs-OneGA_PopSize32_Evals500K_MR0.100000_CR_0.700000_SEQ,1344.2,2.0436103772,0.7999999999999545
