Configuration,average_best_objective,average_elapsed_time,diff_with_optimal
Dynamic,24976.0,0.1532,0
ParGA_PopSize100_Evals300K_MR_0.05_CR_0.8_TH_5,24975.7,3.3840130175,0.2999999999992724
ParGA_PopSize100_Evals300K_MR_0.05_CR_0.8_TH_20,24975.6,1.0614477754000002,0.4000000000014552
ParGA_PopSize100_Evals300K_MR_0.05_CR_0.8_TH_1,24975.9,11.912725369,0.09999999999854481
ParGA_PopSize100_Evals300K_MR_0.05_CR_0.8_TH_25,24975.7,0.8691623916,0.2999999999992724
ParGA_PopSize100_Evals300K_MR_0.05_CR_0.8_TH_2,24976.0,6.3053901658000004,0.0
ParGA_PopSize100_Evals300K_MR_0.05_CR_0.8_TH_10,24975.5,1.9113066199000002,0.5
