Configuration,average_best_objective,average_elapsed_time,diff_with_optimal
Dynamic,24976.0,0.091052,0
One-vs-OneGA_PopSize32_Evals500K_MR0.050000_CR_0.800000_SEQ,24975.1,20.6182874497,0.9000000000014552
One-vs-OneGA_PopSize32_Evals500K_MR0.050000_CR_0.800000_OMP_2,24975.2,20.0634756814,0.7999999999992724
SSGA_PopSize32_Evals500K_MR0.100000_CR_0.700000_SEQ,24975.9,23.5497890082,0.09999999999854481
SSGA_PopSize32_Evals500K_MR0.100000_CR_0.700000_OMP_2,24975.6,22.2182604121,0.4000000000014552
SSGA_PopSize32_Evals500K_MR0.050000_CR_0.800000_OMP_2,24975.1,19.217109866499996,0.9000000000014552
One-vs-OneGA_PopSize32_Evals500K_MR0.100000_CR_0.700000_OMP_2,24975.7,23.535298009999998,0.2999999999992724
SSGA_PopSize32_Evals500K_MR0.050000_CR_0.800000_SEQ,24975.5,20.6881193204,0.5
One-vs-OneGA_PopSize32_Evals500K_MR0.100000_CR_0.700000_SEQ,24976.0,22.5785861077,0.0
