Configuration,average_best_objective,average_elapsed_time,diff_with_optimal
Dynamic,24976.0,0.091052,0
SSGA_PopSize32_Evals300K_MR0.050000_CR_0.800000_SEQ,24975.0,12.1613668709,1.0
SSGA_PopSize32_Evals300K_MR0.100000_CR_0.700000_SEQ,24975.9,13.514514564199999,0.09999999999854481
One-vs-OneGA_PopSize32_Evals300K_MR0.100000_CR_0.700000_SEQ,24975.7,13.866397228099999,0.2999999999992724
SSGA_PopSize32_Evals300K_MR0.100000_CR_0.700000_OMP_2,24975.9,11.2722188535,0.09999999999854481
One-vs-OneGA_PopSize32_Evals300K_MR0.050000_CR_0.800000_SEQ,24975.5,11.6034587735,0.5
One-vs-OneGA_PopSize32_Evals300K_MR0.100000_CR_0.700000_OMP_2,24975.2,10.478558569499999,0.7999999999992724
One-vs-OneGA_PopSize32_Evals300K_MR0.050000_CR_0.800000_OMP_2,24975.1,8.8134457142,0.9000000000014552
SSGA_PopSize32_Evals300K_MR0.050000_CR_0.800000_OMP_2,24974.9,8.7530164012,1.0999999999985448
