Configuration,average_best_objective,average_elapsed_time,diff_with_optimal
Dynamic,12446.0,0.0251584,0
SSGA_PopSize32_Evals500K_MR0.050000_CR_0.800000_SEQ,12445.1,10.2612792732,0.8999999999996362
One-vs-OneGA_PopSize32_Evals500K_MR0.100000_CR_0.700000_SEQ,12445.4,11.4908333047,0.6000000000003638
One-vs-OneGA_PopSize32_Evals500K_MR0.100000_CR_0.700000_OMP_2,12445.9,11.895516981199998,0.1000000000003638
SSGA_PopSize32_Evals500K_MR0.050000_CR_0.800000_OMP_2,12445.6,10.217160987800002,0.3999999999996362
SSGA_PopSize32_Evals500K_MR0.100000_CR_0.700000_SEQ,12445.9,11.887974164900001,0.1000000000003638
One-vs-OneGA_PopSize32_Evals500K_MR0.050000_CR_0.800000_OMP_2,12444.9,10.0260032702,1.1000000000003638
One-vs-OneGA_PopSize32_Evals500K_MR0.050000_CR_0.800000_SEQ,12445.6,10.1420807291,0.3999999999996362
SSGA_PopSize32_Evals500K_MR0.100000_CR_0.700000_OMP_2,12445.4,11.827631707199998,0.6000000000003638
