Configuration,average_best_objective,average_elapsed_time,diff_with_optimal
Dynamic,2533.0,0.000927109,0
SSGA_PopSize32_Evals300K_MR0.050000_CR_0.800000_SEQ,2532.4,1.7088744402000002,0.599999999999909
SSGA_PopSize32_Evals300K_MR0.100000_CR_0.700000_OMP_2,2532.8,1.6633700362000003,0.1999999999998181
SSGA_PopSize32_Evals300K_MR0.100000_CR_0.700000_SEQ,2532.5,1.8761294026999997,0.5
SSGA_PopSize32_Evals300K_MR0.050000_CR_0.800000_OMP_2,2531.9,1.5051143983999997,1.099999999999909
One-vs-OneGA_PopSize32_Evals300K_MR0.100000_CR_0.700000_SEQ,2532.8,1.8750602724,0.1999999999998181
One-vs-OneGA_PopSize32_Evals300K_MR0.100000_CR_0.700000_OMP_2,2532.3,1.6547400118,0.6999999999998181
One-vs-OneGA_PopSize32_Evals300K_MR0.050000_CR_0.800000_OMP_2,2532.3,1.5254762881000001,0.6999999999998181
One-vs-OneGA_PopSize32_Evals300K_MR0.050000_CR_0.800000_SEQ,2532.1,1.6939843953,0.900000000000091
