Configuration,average_best_objective,average_elapsed_time,diff_with_optimal
Dynamic,1345.0,0.0004266,0
ParGA_PopSize100_Evals300K_MR_0.05_CR_0.8_TH_5,1345.0,0.18879864610000002,0.0
ParGA_PopSize100_Evals300K_MR_0.05_CR_0.8_TH_10,1345.0,0.1047847365,0.0
ParGA_PopSize100_Evals300K_MR_0.05_CR_0.8_TH_2,1345.0,0.39891635820000004,0.0
ParGA_PopSize100_Evals300K_MR_0.05_CR_0.8_TH_25,1344.6,0.04684369730000001,0.40000000000009095
ParGA_PopSize100_Evals300K_MR_0.05_CR_0.8_TH_1,1345.0,0.8959881850000002,0.0
ParGA_PopSize100_Evals300K_MR_0.05_CR_0.8_TH_20,1345.0,0.057044927499999995,0.0
