Configuration,average_best_objective,average_elapsed_time,diff_with_optimal
Dynamic,20718.0,0.0230782,0
SSGA_PopSize32_Evals300K_MR0.050000_CR_0.800000_SEQ,13577.4,6.106949756900001,7140.6
One-vs-OneGA_PopSize32_Evals300K_MR0.100000_CR_0.700000_SEQ,13617.9,7.0239882267,7100.1
One-vs-OneGA_PopSize32_Evals300K_MR0.100000_CR_0.700000_OMP_2,13609.6,5.4525575273,7108.4
One-vs-OneGA_PopSize32_Evals300K_MR0.050000_CR_0.800000_SEQ,13638.5,6.1246329277000005,7079.5
SSGA_PopSize32_Evals300K_MR0.100000_CR_0.700000_OMP_2,13797.6,5.5032715476,6920.4
SSGA_PopSize32_Evals300K_MR0.100000_CR_0.700000_SEQ,13547.8,7.074232233499998,7170.200000000001
One-vs-OneGA_PopSize32_Evals300K_MR0.050000_CR_0.800000_OMP_2,13407.5,4.6796010101,7310.5
SSGA_PopSize32_Evals300K_MR0.050000_CR_0.800000_OMP_2,13563.4,4.6260566008,7154.6
