Configuration,average_best_objective,average_elapsed_time,diff_with_optimal
Dynamic,41175.0,0.155449,0
ParGA_PopSize100_Evals300K_MR_0.05_CR_0.8_TH_1,35362.4,11.893814919799999,5812.5999999999985
ParGA_PopSize100_Evals300K_MR_0.05_CR_0.8_TH_10,34028.9,1.9137294973000003,7146.0999999999985
ParGA_PopSize100_Evals300K_MR_0.05_CR_0.8_TH_25,32973.3,0.8633952096000002,8201.699999999997
ParGA_PopSize100_Evals300K_MR_0.05_CR_0.8_TH_20,32912.3,1.0578589955,8262.699999999997
ParGA_PopSize100_Evals300K_MR_0.05_CR_0.8_TH_2,34929.8,6.3846144206,6245.199999999997
ParGA_PopSize100_Evals300K_MR_0.05_CR_0.8_TH_5,34234.2,3.3885784917,6940.800000000003
