Configuration,average_best_objective,average_elapsed_time,diff_with_optimal
Dynamic,1969.0,0.00023609,0
SSGA_PopSize32_Evals500K_MR0.050000_CR_0.800000_OMP_2,1534.4,1.9568966895000002,434.5999999999999
One-vs-OneGA_PopSize32_Evals500K_MR0.100000_CR_0.700000_OMP_2,1554.6,2.0645955859,414.4000000000001
One-vs-OneGA_PopSize32_Evals500K_MR0.050000_CR_0.800000_OMP_2,1551.8,1.9468065372999999,417.20000000000005
SSGA_PopSize32_Evals500K_MR0.100000_CR_0.700000_SEQ,1509.7,2.0364645182,459.29999999999995
One-vs-OneGA_PopSize32_Evals500K_MR0.100000_CR_0.700000_SEQ,1576.9,2.0332671203,392.0999999999999
SSGA_PopSize32_Evals500K_MR0.100000_CR_0.700000_OMP_2,1580.5,2.0679016247,388.5
One-vs-OneGA_PopSize32_Evals500K_MR0.050000_CR_0.800000_SEQ,1560.2,1.9264022042,408.79999999999995
SSGA_PopSize32_Evals500K_MR0.050000_CR_0.800000_SEQ,1538.9,1.9252237592,430.0999999999999
