Configuration,average_best_objective,average_elapsed_time,diff_with_optimal
Dynamic,20718.0,0.0230782,0
SSGA_PopSize32_Evals500K_MR0.050000_CR_0.800000_OMP_2,13642.2,10.333000212399998,7075.799999999999
SSGA_PopSize32_Evals500K_MR0.050000_CR_0.800000_SEQ,13553.1,10.2526522627,7164.9
One-vs-OneGA_PopSize32_Evals500K_MR0.100000_CR_0.700000_OMP_2,13653.0,11.596305163899999,7065.0
SSGA_PopSize32_Evals500K_MR0.100000_CR_0.700000_OMP_2,13780.3,12.1033947458,6937.700000000001
SSGA_PopSize32_Evals500K_MR0.100000_CR_0.700000_SEQ,13687.7,11.687924905100001,7030.299999999999
One-vs-OneGA_PopSize32_Evals500K_MR0.050000_CR_0.800000_SEQ,13626.4,10.217566923799998,7091.6
One-vs-OneGA_PopSize32_Evals500K_MR0.100000_CR_0.700000_SEQ,13581.9,11.771619361299997,7136.1
One-vs-OneGA_PopSize32_Evals500K_MR0.050000_CR_0.800000_OMP_2,13595.2,10.290725102,7122.799999999999
