Configuration,average_best_objective,average_elapsed_time,diff_with_optimal
Dynamic,3832.0,0.00086314,0
SSGA_PopSize32_Evals500K_MR0.050000_CR_0.800000_OMP_2,2877.1,2.7813142505000004,954.9000000000001
One-vs-OneGA_PopSize32_Evals500K_MR0.050000_CR_0.800000_SEQ,2862.5,2.7415500779,969.5
One-vs-OneGA_PopSize32_Evals500K_MR0.050000_CR_0.800000_OMP_2,2704.3,2.7725558179,1127.6999999999998
One-vs-OneGA_PopSize32_Evals500K_MR0.100000_CR_0.700000_SEQ,2816.2,2.9540901419999996,1015.8000000000002
SSGA_PopSize32_Evals500K_MR0.050000_CR_0.800000_SEQ,2766.7,2.7442496304999997,1065.3000000000002
SSGA_PopSize32_Evals500K_MR0.100000_CR_0.700000_OMP_2,2696.6,2.9949551488,1135.4
One-vs-OneGA_PopSize32_Evals500K_MR0.100000_CR_0.700000_OMP_2,2895.9,2.9748387850999998,936.0999999999999
SSGA_PopSize32_Evals500K_MR0.100000_CR_0.700000_SEQ,2756.5,2.9690598987000003,1075.5
