Configuration,average_best_objective,average_elapsed_time,diff_with_optimal
Dynamic,1969.0,0.00023609,0
SSGA_PopSize32_Evals300K_MR0.100000_CR_0.700000_SEQ,1547.0,1.2753288364,422.0
SSGA_PopSize32_Evals300K_MR0.100000_CR_0.700000_OMP_2,1540.1,1.2392092223,428.9000000000001
One-vs-OneGA_PopSize32_Evals300K_MR0.100000_CR_0.700000_SEQ,1505.4,1.2899982663,463.5999999999999
SSGA_PopSize32_Evals300K_MR0.050000_CR_0.800000_SEQ,1519.6,1.2146411540000002,449.4000000000001
One-vs-OneGA_PopSize32_Evals300K_MR0.050000_CR_0.800000_OMP_2,1515.4,1.2140562580999998,453.5999999999999
SSGA_PopSize32_Evals300K_MR0.050000_CR_0.800000_OMP_2,1564.0,1.2051952033000002,405.0
One-vs-OneGA_PopSize32_Evals300K_MR0.050000_CR_0.800000_SEQ,1550.1,1.2145861009999999,418.9000000000001
One-vs-OneGA_PopSize32_Evals300K_MR0.100000_CR_0.700000_OMP_2,1561.1,1.2739007215,407.9000000000001
