Configuration,average_best_objective,average_elapsed_time,diff_with_optimal
Dynamic,1987.0,0.000408842,0
ParGA_PopSize100_Evals300K_MR_0.05_CR_0.8_TH_2,1963.4,0.41925925710000006,23.59999999999991
ParGA_PopSize100_Evals300K_MR_0.05_CR_0.8_TH_5,1950.0,0.1905496099,37.0
ParGA_PopSize100_Evals300K_MR_0.05_CR_0.8_TH_1,1963.2,0.8942465084,23.799999999999955
ParGA_PopSize100_Evals300K_MR_0.05_CR_0.8_TH_10,1960.6,0.10481399070000001,26.40000000000009
ParGA_PopSize100_Evals300K_MR_0.05_CR_0.8_TH_25,1934.9,0.0466443857,52.09999999999991
ParGA_PopSize100_Evals300K_MR_0.05_CR_0.8_TH_20,1932.4,0.057382700200000004,54.59999999999991
