Configuration,average_best_objective,average_elapsed_time,diff_with_optimal
Dynamic,3841.0,0.00149005,0
ParGA_PopSize100_Evals300K_MR_0.05_CR_0.8_TH_20,3595.6,0.10895888680000002,245.4000000000001
ParGA_PopSize100_Evals300K_MR_0.05_CR_0.8_TH_2,3747.1,0.7248449150000001,93.90000000000009
ParGA_PopSize100_Evals300K_MR_0.05_CR_0.8_TH_1,3743.1,1.4763128732000002,97.90000000000009
ParGA_PopSize100_Evals300K_MR_0.05_CR_0.8_TH_25,3552.4,0.0894533784,288.5999999999999
ParGA_PopSize100_Evals300K_MR_0.05_CR_0.8_TH_10,3719.3,0.1982858723,121.69999999999982
ParGA_PopSize100_Evals300K_MR_0.05_CR_0.8_TH_5,3710.2,0.3533685123,130.80000000000018
