Configuration,average_best_objective,average_elapsed_time,diff_with_optimal
Dynamic,41175.0,0.0902305,0
SSGA_PopSize32_Evals300K_MR0.100000_CR_0.700000_SEQ,26937.5,14.446148814300003,14237.5
One-vs-OneGA_PopSize32_Evals300K_MR0.050000_CR_0.800000_OMP_2,27061.1,8.908100583000001,14113.900000000001
One-vs-OneGA_PopSize32_Evals300K_MR0.100000_CR_0.700000_OMP_2,26811.4,10.9662237866,14363.599999999999
SSGA_PopSize32_Evals300K_MR0.100000_CR_0.700000_OMP_2,26960.8,10.8894878389,14214.2
One-vs-OneGA_PopSize32_Evals300K_MR0.050000_CR_0.800000_SEQ,26811.4,11.9092938169,14363.599999999999
SSGA_PopSize32_Evals300K_MR0.050000_CR_0.800000_SEQ,26976.1,11.946735206199998,14198.900000000001
One-vs-OneGA_PopSize32_Evals300K_MR0.100000_CR_0.700000_SEQ,26975.5,14.3021908809,14199.5
SSGA_PopSize32_Evals300K_MR0.050000_CR_0.800000_OMP_2,27013.9,9.0083395894,14161.099999999999
