Configuration,average_best_objective,average_elapsed_time,diff_with_optimal
Dynamic,41175.0,0.0902305,0
One-vs-OneGA_PopSize32_Evals500K_MR0.050000_CR_0.800000_SEQ,26946.1,20.2088701189,14228.900000000001
One-vs-OneGA_PopSize32_Evals500K_MR0.100000_CR_0.700000_SEQ,27369.3,24.03689689,13805.7
SSGA_PopSize32_Evals500K_MR0.050000_CR_0.800000_OMP_2,27064.3,19.9066715434,14110.7
SSGA_PopSize32_Evals500K_MR0.100000_CR_0.700000_OMP_2,26744.2,24.467397128600005,14430.8
One-vs-OneGA_PopSize32_Evals500K_MR0.100000_CR_0.700000_OMP_2,27045.6,24.161706466600002,14129.400000000001
SSGA_PopSize32_Evals500K_MR0.100000_CR_0.700000_SEQ,27172.2,24.0176723595,14002.8
SSGA_PopSize32_Evals500K_MR0.050000_CR_0.800000_SEQ,26731.4,19.9491779945,14443.599999999999
One-vs-OneGA_PopSize32_Evals500K_MR0.050000_CR_0.800000_OMP_2,26895.8,20.1728930075,14279.2
