Configuration,average_best_objective,average_elapsed_time,diff_with_optimal
Dynamic,20718.0,0.0390974,0
ParGA_PopSize100_Evals300K_MR_0.05_CR_0.8_TH_5,17978.7,1.7489381861000002,2739.2999999999993
ParGA_PopSize100_Evals300K_MR_0.05_CR_0.8_TH_2,18579.0,3.0851891891000003,2139.0
ParGA_PopSize100_Evals300K_MR_0.05_CR_0.8_TH_25,17220.7,0.4343275542000001,3497.2999999999993
ParGA_PopSize100_Evals300K_MR_0.05_CR_0.8_TH_10,17956.2,0.9524449067,2761.7999999999993
ParGA_PopSize100_Evals300K_MR_0.05_CR_0.8_TH_20,17497.0,0.5272767058000001,3221.0
ParGA_PopSize100_Evals300K_MR_0.05_CR_0.8_TH_1,18731.3,6.122138387500001,1986.7000000000007
