Configuration,average_best_objective,average_elapsed_time,diff_with_optimal
Dynamic,3832.0,0.00086314,0
One-vs-OneGA_PopSize32_Evals300K_MR0.100000_CR_0.700000_OMP_2,2815.5,1.6333735635,1016.5
SSGA_PopSize32_Evals300K_MR0.050000_CR_0.800000_SEQ,2852.2,1.6880129263,979.8000000000002
SSGA_PopSize32_Evals300K_MR0.100000_CR_0.700000_OMP_2,2861.3,1.6222377853,970.6999999999998
SSGA_PopSize32_Evals300K_MR0.100000_CR_0.700000_SEQ,2853.8,1.8222991291000004,978.1999999999998
SSGA_PopSize32_Evals300K_MR0.050000_CR_0.800000_OMP_2,2789.3,1.4864100474,1042.6999999999998
One-vs-OneGA_PopSize32_Evals300K_MR0.050000_CR_0.800000_OMP_2,2886.5,1.5292474115999999,945.5
One-vs-OneGA_PopSize32_Evals300K_MR0.050000_CR_0.800000_SEQ,2853.9,1.6861563721999997,978.0999999999999
One-vs-OneGA_PopSize32_Evals300K_MR0.100000_CR_0.700000_SEQ,2898.9,1.8161261849000003,933.0999999999999
