{"Average Elapsed Time (s)":2.6034321351000007,"Average Objective":19801.833333333332,"Best objectives":[19859.0,19839.0,19802.0,19881.0,19642.0,19905.0,19876.0,19702.0,19564.0,19749.0,19660.0,19940.0,19703.0,19693.0,19796.0,19876.0,19882.0,19901.0,19857.0,19534.0,19713.0,19961.0,19812.0,19819.0,19800.0,19899.0,19858.0,19936.0,19861.0,19735.0],"Repetitions":30}