{"Average Elapsed Time (s)":7.773169072199999,"Average Objective":20359.266666666666,"Best objectives":[20249.0,20388.0,20337.0,20365.0,20417.0,20380.0,20356.0,20398.0,20296.0,20421.0,20449.0,20179.0,20380.0,20347.0,20408.0,20360.0,20417.0,20332.0,20416.0,20332.0,20347.0,20417.0,20309.0,20338.0,20305.0,20407.0,20361.0,20398.0,20295.0,20374.0],"Repetitions":30}