{"Average Elapsed Time (s)":1.5281657154000006,"Average Objective":19574.766666666666,"Best objectives":[19544.0,19652.0,19576.0,19482.0,19245.0,19693.0,19400.0,19656.0,19554.0,19671.0,19517.0,19587.0,19582.0,19559.0,19576.0,19677.0,19563.0,19529.0,19546.0,19670.0,19667.0,19414.0,19643.0,19532.0,19521.0,19544.0,19639.0,19698.0,19604.0,19702.0],"Repetitions":30}