{"Average Elapsed Time (s)":0.8520125038999998,"Average Objective":19192.833333333332,"Best objectives":[19324.0,19216.0,19131.0,19219.0,19194.0,19189.0,19133.0,19246.0,19172.0,19274.0,19059.0,19250.0,19120.0,19204.0,19242.0,19072.0,19110.0,19135.0,19194.0,19148.0,19271.0,19125.0,19350.0,19136.0,19228.0,19125.0,19278.0,19198.0,19217.0,19225.0],"Repetitions":30}