{"Average Elapsed Time (s)":0.8733221865333334,"Average Objective":19255.733333333334,"Best objectives":[19326.0,19376.0,19222.0,19236.0,19344.0,19149.0,19198.0,19254.0,19226.0,19264.0,19306.0,19227.0,19194.0,19256.0,19292.0,19256.0,19172.0,19283.0,19247.0,19273.0,19221.0,19345.0,19236.0,19326.0,19257.0,19130.0,19305.0,19243.0,19324.0,19184.0],"Repetitions":30}