{"Average Elapsed Time (s)":14.165950432166666,"Average Evolution":[],"Average Objective":20417.533333333333,"Best objectives":[20444.0,20435.0,20403.0,20351.0,20402.0,20459.0,20407.0,20403.0,20435.0,20421.0,20435.0,20402.0,20388.0,20440.0,20454.0,20487.0,20464.0,20332.0,20422.0,20380.0,20430.0,20412.0,20408.0,20407.0,20422.0,20393.0,20394.0,20444.0,20402.0,20450.0],"Repetitions":30}