{"Average Elapsed Time (s)":0.9018297405333336,"Average Evolution":[[300000,39960.0]],"Average Objective":1388.1333333333334,"Repetitions":30}