{"Average Elapsed Time (s)":11.969677406733336,"Average Evolution":[[300000,24936.0]],"Average Objective":25558.133333333335,"Repetitions":30}