{"Average Elapsed Time (s)":6.673441424100002,"Average Evolution":[[300000,12435.0]],"Average Objective":12680.833333333334,"Repetitions":30}