{"Average Elapsed Time (s)":0.8433089684333334,"Average Evolution":[[300000,40410.0]],"Average Objective":1410.9333333333334,"Repetitions":30}