{"Average Elapsed Time (s)":1.6986320184000003,"Average Evolution":[[300000,2543.0]],"Average Objective":2695.8333333333335,"Repetitions":30}