{"Average Elapsed Time (s)":1.381249086866667,"Average Evolution":[[300000,76980.0]],"Average Objective":2621.4333333333334,"Repetitions":30}