{"Average Elapsed Time (s)":14.155797576166668,"Average Evolution":[],"Average Objective":26048.366666666665,"Best objectives":[26036.0,25706.0,26186.0,26063.0,25916.0,26096.0,26125.0,26106.0,26002.0,26208.0,25995.0,25958.0,26074.0,26118.0,26016.0,25815.0,26136.0,26113.0,26086.0,26095.0,26195.0,26094.0,26116.0,25895.0,25896.0,25978.0,26166.0,26144.0,26061.0,26056.0],"Repetitions":30}