{"Average Elapsed Time (s)":5.613243177800001,"Average Evolution":[[300000,12282.0]],"Average Objective":12588.833333333334,"Repetitions":30}