{"Average Elapsed Time (s)":1.7106659660999999,"Average Evolution":[[300000,75840.0]],"Average Objective":2696.366666666667,"Repetitions":30}