{"Average Elapsed Time (s)":7.210980783700003,"Average Evolution":[[300000,12489.0]],"Average Objective":13054.366666666667,"Repetitions":30}