{"Average Elapsed Time (s)":7.171867654833331,"Average Evolution":[[300000,374640.0]],"Average Objective":13189.133333333333,"Repetitions":30}