{"Average Elapsed Time (s)":10.924402105566665,"Average Evolution":[[300000,25069.0]],"Average Objective":25300.433333333334,"Repetitions":30}