{"Average Elapsed Time (s)":0.9578889028333335,"Average Evolution":[[300000,41250.0]],"Average Objective":1421.4333333333334,"Repetitions":30}