{"Average Elapsed Time (s)":6.174585313566666,"Average Evolution":[],"Average Objective":12621.333333333334,"Best objectives":[12633.0,12663.0,12714.0,12645.0,12656.0,12560.0,12616.0,12575.0,12566.0,12582.0,12664.0,12506.0,12579.0,12643.0,12724.0,12603.0,12516.0,12633.0,12654.0,12744.0,12613.0,12546.0,12594.0,12646.0,12626.0,12628.0,12595.0,12675.0,12595.0,12646.0],"Repetitions":30}