{"Average Elapsed Time (s)":7.254690094299999,"Average Evolution":[],"Average Objective":13060.566666666668,"Best objectives":[12951.0,13146.0,13031.0,13120.0,13125.0,13106.0,13076.0,13106.0,13076.0,13061.0,13067.0,13158.0,13006.0,13036.0,13096.0,13036.0,12951.0,13006.0,13006.0,13096.0,13013.0,13116.0,13076.0,13055.0,13124.0,13036.0,13046.0,12974.0,13066.0,13055.0],"Repetitions":30}