{"Average Elapsed Time (s)":0.8373887819,"Average Evolution":[[300000,1345.0]],"Average Objective":1405.0666666666666,"Repetitions":30}