{"Average Elapsed Time (s)":12.0210968551,"Average Evolution":[],"Average Objective":25574.133333333335,"Best objectives":[25446.0,25506.0,25586.0,25706.0,25666.0,25624.0,25424.0,25646.0,25613.0,25674.0,25537.0,25586.0,25375.0,25273.0,25586.0,25625.0,25556.0,25571.0,25733.0,25606.0,25631.0,25513.0,25586.0,25655.0,25726.0,25596.0,25545.0,25624.0,25515.0,25494.0],"Repetitions":30}