{"Average Elapsed Time (s)":1.6988040956000003,"Average Evolution":[[300000,2514.0]],"Average Objective":2684.366666666667,"Repetitions":30}