{"Average Elapsed Time (s)":1.4900713311333333,"Average Evolution":[[300000,75960.0]],"Average Objective":2670.0333333333333,"Repetitions":30}