{"Average Elapsed Time (s)":0.9546273126666667,"Average Evolution":[],"Average Objective":1395.2666666666667,"Best objectives":[1413.0,1394.0,1399.0,1393.0,1405.0,1395.0,1385.0,1380.0,1395.0,1388.0,1395.0,1365.0,1380.0,1405.0,1413.0,1395.0,1395.0,1395.0,1402.0,1404.0,1393.0,1405.0,1402.0,1395.0,1384.0,1402.0,1403.0,1388.0,1387.0,1403.0],"Repetitions":30}