{"Average Elapsed Time (s)":1.4779744452000003,"Average Evolution":[[300000,2548.0]],"Average Objective":2653.9333333333334,"Repetitions":30}