{"Average Elapsed Time (s)":1.5868647622666667,"Average Evolution":[[300000,2533.0]],"Average Objective":2681.9666666666667,"Repetitions":30}