{"Average Elapsed Time (s)":1.5857260727333335,"Average Evolution":[[300000,2542.0]],"Average Objective":2650.5333333333333,"Repetitions":30}