{"Average Elapsed Time (s)":1.6015756500333334,"Average Evolution":[[300000,75960.0]],"Average Objective":2625.866666666667,"Repetitions":30}