{"Average Elapsed Time (s)":1.4826349937333334,"Average Evolution":[],"Average Objective":2665.8333333333335,"Best objectives":[2643.0,2652.0,2673.0,2652.0,2683.0,2670.0,2670.0,2673.0,2634.0,2662.0,2673.0,2671.0,2673.0,2673.0,2663.0,2673.0,2672.0,2653.0,2663.0,2653.0,2664.0,2683.0,2673.0,2679.0,2683.0,2673.0,2642.0,2673.0,2663.0,2663.0],"Repetitions":30}