{"Average Elapsed Time (s)":13.027532452600001,"Average Evolution":[[300000,24973.0]],"Average Objective":25321.466666666667,"Repetitions":30}