{"Average Elapsed Time (s)":1.372785210666667,"Average Evolution":[],"Average Objective":2649.0333333333333,"Best objectives":[2627.0,2633.0,2632.0,2652.0,2652.0,2663.0,2653.0,2639.0,2658.0,2647.0,2652.0,2662.0,2636.0,2683.0,2658.0,2639.0,2603.0,2651.0,2636.0,2641.0,2652.0,2672.0,2641.0,2658.0,2648.0,2641.0,2663.0,2663.0,2663.0,2653.0],"Repetitions":30}