{"Average Elapsed Time (s)":6.6485190458000005,"Average Evolution":[[300000,374850.0]],"Average Objective":12843.566666666668,"Repetitions":30}