{"Average Elapsed Time (s)":1.3665494559000002,"Average Evolution":[[300000,2549.0]],"Average Objective":2625.266666666667,"Repetitions":30}