{"Average Elapsed Time (s)":6.129498530366666,"Average Evolution":[[300000,372390.0]],"Average Objective":12639.266666666666,"Repetitions":30}