{"Average Elapsed Time (s)":14.150767319333335,"Average Evolution":[],"Average Objective":26371.266666666666,"Best objectives":[26344.0,26366.0,26316.0,26515.0,26362.0,26386.0,26155.0,26376.0,26393.0,26374.0,26445.0,26396.0,26456.0,26244.0,26286.0,26356.0,26336.0,26396.0,26436.0,26450.0,26336.0,26232.0,26426.0,26416.0,26294.0,26436.0,26373.0,26406.0,26445.0,26386.0],"Repetitions":30}