{"Average Elapsed Time (s)":1.4797213064999999,"Average Evolution":[[300000,2518.0]],"Average Objective":2595.866666666667,"Repetitions":30}