{"Average Elapsed Time (s)":7.177044573100002,"Average Evolution":[[300000,373710.0]],"Average Objective":13061.833333333334,"Repetitions":30}