{"Average Elapsed Time (s)":10.860706523000003,"Average Evolution":[[300000,750420.0]],"Average Objective":25311.466666666667,"Repetitions":30}