{"Average Elapsed Time (s)":0.8364383851,"Average Evolution":[],"Average Objective":1404.4666666666667,"Best objectives":[1403.0,1415.0,1395.0,1393.0,1395.0,1408.0,1405.0,1415.0,1405.0,1414.0,1415.0,1413.0,1401.0,1405.0,1413.0,1404.0,1405.0,1413.0,1414.0,1399.0,1405.0,1394.0,1404.0,1395.0,1409.0,1415.0,1377.0,1405.0,1400.0,1400.0],"Repetitions":30}