{"Average Elapsed Time (s)":0.8414492197666666,"Average Evolution":[[300000,39990.0]],"Average Objective":1406.6333333333334,"Repetitions":30}