{"Average Elapsed Time (s)":1.5999016355,"Average Evolution":[],"Average Objective":2672.9666666666667,"Best objectives":[2669.0,2652.0,2663.0,2683.0,2653.0,2675.0,2672.0,2663.0,2683.0,2653.0,2676.0,2681.0,2683.0,2660.0,2663.0,2682.0,2685.0,2670.0,2683.0,2673.0,2663.0,2674.0,2683.0,2683.0,2692.0,2683.0,2663.0,2671.0,2663.0,2692.0],"Repetitions":30}