{"Average Elapsed Time (s)":0.9570380645000001,"Average Evolution":[],"Average Objective":1421.3666666666666,"Best objectives":[1425.0,1425.0,1415.0,1425.0,1425.0,1415.0,1415.0,1425.0,1414.0,1415.0,1425.0,1412.0,1424.0,1424.0,1425.0,1425.0,1425.0,1425.0,1425.0,1425.0,1425.0,1422.0,1415.0,1415.0,1415.0,1422.0,1418.0,1425.0,1425.0,1425.0],"Repetitions":30}