{"Average Elapsed Time (s)":1.4754555475,"Average Evolution":[[300000,2547.0]],"Average Objective":2659.866666666667,"Repetitions":30}