{"Average Elapsed Time (s)":1.5989426686666666,"Average Evolution":[[300000,76230.0]],"Average Objective":2655.0333333333333,"Repetitions":30}