{"Average Elapsed Time (s)":1.4881808923666664,"Average Evolution":[[300000,75930.0]],"Average Objective":2655.9333333333334,"Repetitions":30}