{"Average Elapsed Time (s)":1.0165551206333336,"Average Evolution":[[300000,40800.0]],"Average Objective":1424.9666666666667,"Repetitions":30}