{"Average Elapsed Time (s)":11.972265498000002,"Average Evolution":[[300000,24953.0]],"Average Objective":25420.866666666665,"Repetitions":30}