{"Average Elapsed Time (s)":13.999514398566669,"Average Evolution":[[300000,752340.0]],"Average Objective":26552.866666666665,"Repetitions":30}