{"Average Elapsed Time (s)":1.5888799793000001,"Average Evolution":[[300000,2536.0]],"Average Objective":2624.1666666666665,"Repetitions":30}