{"Average Elapsed Time (s)":7.201796975633333,"Average Evolution":[[300000,12491.0]],"Average Objective":13181.666666666666,"Repetitions":30}