{"Average Elapsed Time (s)":1.011408617,"Average Evolution":[[300000,1345.0]],"Average Objective":1419.1333333333334,"Repetitions":30}