{"Average Elapsed Time (s)":6.678824067266668,"Average Evolution":[[300000,12487.0]],"Average Objective":12842.266666666666,"Repetitions":30}