{"Average Elapsed Time (s)":0.8428157796000001,"Average Evolution":[[300000,40860.0]],"Average Objective":1397.8666666666666,"Repetitions":30}