{"Average Elapsed Time (s)":1.7087852004666668,"Average Evolution":[[300000,76860.0]],"Average Objective":2682.133333333333,"Repetitions":30}