{"Average Elapsed Time (s)":0.8363032564333331,"Average Evolution":[[300000,1352.0]],"Average Objective":1411.6666666666667,"Repetitions":30}