{"Average Elapsed Time (s)":0.8438917513333333,"Average Evolution":[[300000,40140.0]],"Average Objective":1379.1333333333334,"Repetitions":30}