{"Average Elapsed Time (s)":0.8950278696333335,"Average Evolution":[],"Average Objective":1415.3666666666666,"Best objectives":[1415.0,1414.0,1415.0,1410.0,1414.0,1405.0,1412.0,1415.0,1415.0,1412.0,1415.0,1405.0,1425.0,1415.0,1424.0,1415.0,1405.0,1413.0,1425.0,1425.0,1422.0,1424.0,1404.0,1415.0,1412.0,1425.0,1425.0,1410.0,1416.0,1414.0],"Repetitions":30}