{"Average Elapsed Time (s)":13.020141696100001,"Average Evolution":[[300000,24964.0]],"Average Objective":25972.166666666668,"Repetitions":30}