{"Average Elapsed Time (s)":6.179365633399998,"Average Evolution":[],"Average Objective":12748.666666666666,"Best objectives":[12756.0,12756.0,12755.0,12746.0,12642.0,12715.0,12786.0,12796.0,12635.0,12815.0,12556.0,12653.0,12725.0,12836.0,12736.0,12826.0,12743.0,12804.0,12706.0,12776.0,12645.0,12776.0,12826.0,12791.0,12786.0,12735.0,12763.0,12783.0,12836.0,12756.0],"Repetitions":30}