{"Average Elapsed Time (s)":0.9574743548000001,"Average Evolution":[[300000,40980.0]],"Average Objective":1420.1333333333334,"Repetitions":30}