{"Average Elapsed Time (s)":1.3808060345666668,"Average Evolution":[[300000,76530.0]],"Average Objective":2586.3333333333335,"Repetitions":30}