{"Average Elapsed Time (s)":13.12094874976667,"Average Evolution":[],"Average Objective":25958.666666666668,"Best objectives":[25936.0,25756.0,25996.0,26094.0,25756.0,25896.0,26036.0,26203.0,25813.0,25915.0,26095.0,26056.0,26040.0,25763.0,26122.0,25746.0,25981.0,26026.0,26005.0,25906.0,25926.0,25710.0,26065.0,25971.0,26003.0,25996.0,26105.0,25764.0,25986.0,26093.0],"Repetitions":30}