{"Average Elapsed Time (s)":14.155540918000002,"Average Evolution":[],"Average Objective":25481.833333333332,"Best objectives":[25556.0,25416.0,25334.0,25586.0,25265.0,25246.0,25416.0,25535.0,25532.0,25496.0,25466.0,25446.0,25526.0,25416.0,25356.0,25538.0,25526.0,25506.0,25564.0,25693.0,25526.0,25524.0,25586.0,25436.0,25454.0,25417.0,25451.0,25614.0,25532.0,25496.0],"Repetitions":30}