{"Average Elapsed Time (s)":5.596530316899999,"Average Evolution":[[300000,373680.0]],"Average Objective":12820.066666666668,"Repetitions":30}