{"Average Elapsed Time (s)":10.907320577533335,"Average Evolution":[[300000,25024.0]],"Average Objective":25179.966666666667,"Repetitions":30}