{"Average Elapsed Time (s)":6.650215007366667,"Average Evolution":[[300000,374100.0]],"Average Objective":13050.666666666666,"Repetitions":30}