{"Average Elapsed Time (s)":0.9517979694666672,"Average Evolution":[[300000,1365.0]],"Average Objective":1422.2333333333333,"Repetitions":30}