{"Average Elapsed Time (s)":12.958601948466667,"Average Evolution":[[300000,748110.0]],"Average Objective":25297.366666666665,"Repetitions":30}