{"Average Elapsed Time (s)":0.9538187249666666,"Average Evolution":[[300000,1365.0]],"Average Objective":1410.6666666666667,"Repetitions":30}