{"Average Elapsed Time (s)":5.595362646000001,"Average Evolution":[[300000,373620.0]],"Average Objective":12675.633333333333,"Repetitions":30}