{"Average Elapsed Time (s)":11.91835261586667,"Average Evolution":[[300000,750690.0]],"Average Objective":25558.833333333332,"Repetitions":30}