{"Average Elapsed Time (s)":10.8562522812,"Average Evolution":[[300000,750630.0]],"Average Objective":25420.066666666666,"Repetitions":30}