{"Average Elapsed Time (s)":13.099614139933331,"Average Evolution":[],"Average Objective":25313.233333333334,"Best objectives":[25225.0,25267.0,25168.0,25385.0,25266.0,25345.0,25116.0,25266.0,25435.0,25423.0,25303.0,25244.0,25235.0,25353.0,25080.0,25473.0,25326.0,25356.0,25525.0,25196.0,25403.0,25466.0,25204.0,25341.0,25325.0,25305.0,25505.0,25316.0,25219.0,25326.0],"Repetitions":30}