{"Average Elapsed Time (s)":10.957356679200002,"Average Evolution":[],"Average Objective":25465.633333333335,"Best objectives":[25506.0,25582.0,25456.0,25267.0,25565.0,25339.0,25416.0,25415.0,25541.0,25436.0,25404.0,25486.0,25386.0,25486.0,25525.0,25504.0,25450.0,25475.0,25396.0,25506.0,25616.0,25545.0,25494.0,25416.0,25448.0,25406.0,25492.0,25386.0,25566.0,25459.0],"Repetitions":30}