{"Average Elapsed Time (s)":10.908480514699999,"Average Evolution":[[300000,24999.0]],"Average Objective":25466.933333333334,"Repetitions":30}