{"Average Elapsed Time (s)":1.0129120085000003,"Average Evolution":[],"Average Objective":1409.1333333333334,"Best objectives":[1415.0,1403.0,1412.0,1420.0,1411.0,1415.0,1414.0,1411.0,1417.0,1415.0,1408.0,1405.0,1410.0,1411.0,1411.0,1405.0,1414.0,1402.0,1403.0,1414.0,1400.0,1392.0,1405.0,1415.0,1415.0,1393.0,1408.0,1404.0,1412.0,1414.0],"Repetitions":30}