{"Average Elapsed Time (s)":11.905071731366668,"Average Evolution":[[300000,750150.0]],"Average Objective":25733.533333333333,"Repetitions":30}