{"Average Elapsed Time (s)":6.716110469266667,"Average Evolution":[],"Average Objective":12948.766666666666,"Best objectives":[12906.0,13026.0,12906.0,12904.0,12781.0,12994.0,12995.0,12995.0,12995.0,13008.0,12876.0,13055.0,12906.0,12893.0,12963.0,12964.0,12845.0,13012.0,12931.0,12934.0,12894.0,12975.0,12982.0,12961.0,12906.0,13017.0,13005.0,12886.0,12926.0,13022.0],"Repetitions":30}