{"Average Elapsed Time (s)":0.8948227645333333,"Average Evolution":[],"Average Objective":1406.5333333333333,"Best objectives":[1419.0,1415.0,1405.0,1394.0,1413.0,1410.0,1391.0,1395.0,1405.0,1405.0,1410.0,1412.0,1415.0,1394.0,1417.0,1413.0,1405.0,1405.0,1405.0,1414.0,1405.0,1405.0,1413.0,1395.0,1414.0,1396.0,1405.0,1405.0,1412.0,1404.0],"Repetitions":30}