{"Average Elapsed Time (s)":7.173259100733333,"Average Evolution":[[300000,373920.0]],"Average Objective":13245.733333333334,"Repetitions":30}