{"Average Elapsed Time (s)":7.201799378966668,"Average Evolution":[[300000,12403.0]],"Average Objective":12789.066666666668,"Repetitions":30}