{"Average Elapsed Time (s)":0.8960304998333333,"Average Evolution":[],"Average Objective":1409.8666666666666,"Best objectives":[1395.0,1402.0,1414.0,1415.0,1415.0,1405.0,1415.0,1408.0,1403.0,1393.0,1415.0,1425.0,1415.0,1405.0,1415.0,1415.0,1415.0,1415.0,1405.0,1405.0,1415.0,1415.0,1405.0,1415.0,1412.0,1405.0,1419.0,1405.0,1405.0,1405.0],"Repetitions":30}