{"Average Elapsed Time (s)":10.864621130366665,"Average Evolution":[[300000,746280.0]],"Average Objective":25175.533333333333,"Repetitions":30}