{"Average Elapsed Time (s)":1.4879348102000007,"Average Evolution":[[300000,76260.0]],"Average Objective":2605.866666666667,"Repetitions":30}