{"Average Elapsed Time (s)":1.7092846157333332,"Average Evolution":[],"Average Objective":2640.266666666667,"Best objectives":[2653.0,2623.0,2642.0,2661.0,2661.0,2649.0,2623.0,2582.0,2653.0,2641.0,2633.0,2642.0,2641.0,2623.0,2606.0,2673.0,2643.0,2663.0,2642.0,2653.0,2653.0,2599.0,2642.0,2660.0,2640.0,2641.0,2643.0,2643.0,2649.0,2631.0],"Repetitions":30}