{"Average Elapsed Time (s)":10.933862409066665,"Average Evolution":[[300000,25030.0]],"Average Objective":25561.666666666668,"Repetitions":30}