{"Average Elapsed Time (s)":14.005577856366669,"Average Evolution":[[300000,747360.0]],"Average Objective":26417.233333333334,"Repetitions":30}