{"Average Elapsed Time (s)":10.857446405,"Average Evolution":[[300000,750780.0]],"Average Objective":25556.066666666666,"Repetitions":30}