{"Average Elapsed Time (s)":0.9619922946666665,"Average Evolution":[[300000,39870.0]],"Average Objective":1397.6666666666667,"Repetitions":30}