{"Average Elapsed Time (s)":14.08332506096667,"Average Evolution":[[300000,24968.0]],"Average Objective":26398.666666666668,"Repetitions":30}