{"Average Elapsed Time (s)":14.075873876833334,"Average Evolution":[[300000,24972.0]],"Average Objective":25501.566666666666,"Repetitions":30}