{"Average Elapsed Time (s)":1.5861518881333332,"Average Evolution":[[300000,2549.0]],"Average Objective":2674.0333333333333,"Repetitions":30}