{"Average Elapsed Time (s)":1.7068384415,"Average Evolution":[],"Average Objective":2696.866666666667,"Best objectives":[2687.0,2693.0,2693.0,2703.0,2703.0,2703.0,2703.0,2693.0,2703.0,2702.0,2703.0,2692.0,2693.0,2700.0,2703.0,2684.0,2703.0,2693.0,2691.0,2693.0,2702.0,2693.0,2693.0,2695.0,2703.0,2693.0,2693.0,2703.0,2693.0,2700.0],"Repetitions":30}