{"Average Elapsed Time (s)":1.5991941389666666,"Average Evolution":[[300000,77850.0]],"Average Objective":2673.0666666666666,"Repetitions":30}