{"Average Elapsed Time (s)":1.3794504261333338,"Average Evolution":[[300000,76290.0]],"Average Objective":2637.633333333333,"Repetitions":30}