{"Average Elapsed Time (s)":0.8946830055999999,"Average Evolution":[[300000,1345.0]],"Average Objective":1413.9333333333334,"Repetitions":30}