{"Average Elapsed Time (s)":12.959340635033337,"Average Evolution":[[300000,753330.0]],"Average Objective":25820.333333333332,"Repetitions":30}