{"Average Elapsed Time (s)":5.644105575,"Average Evolution":[],"Average Objective":12574.166666666666,"Best objectives":[12518.0,12555.0,12504.0,12563.0,12627.0,12515.0,12604.0,12524.0,12541.0,12478.0,12503.0,12583.0,12785.0,12564.0,12539.0,12616.0,12511.0,12580.0,12562.0,12576.0,12557.0,12549.0,12510.0,12573.0,12643.0,12655.0,12546.0,12641.0,12676.0,12627.0],"Repetitions":30}