{"Average Elapsed Time (s)":12.025578989166668,"Average Evolution":[],"Average Objective":25241.933333333334,"Best objectives":[25185.0,25232.0,25219.0,25245.0,25145.0,25226.0,25233.0,25405.0,25114.0,25236.0,25144.0,25239.0,25183.0,25120.0,25236.0,25256.0,25275.0,25341.0,25336.0,25201.0,25356.0,25416.0,25174.0,25056.0,25375.0,25376.0,25200.0,25235.0,25155.0,25344.0],"Repetitions":30}