{"Average Elapsed Time (s)":0.9003102230666666,"Average Evolution":[[300000,39990.0]],"Average Objective":1410.4666666666667,"Repetitions":30}