{"Average Elapsed Time (s)":7.249764584166666,"Average Evolution":[],"Average Objective":13188.866666666667,"Best objectives":[13216.0,13186.0,13156.0,13186.0,13185.0,13196.0,13186.0,13187.0,13226.0,13156.0,13186.0,13206.0,13186.0,13216.0,13136.0,13225.0,13166.0,13186.0,13206.0,13176.0,13226.0,13186.0,13216.0,13185.0,13195.0,13127.0,13202.0,13206.0,13188.0,13166.0],"Repetitions":30}