{"Average Elapsed Time (s)":6.143767178566667,"Average Evolution":[[300000,12392.0]],"Average Objective":12616.133333333333,"Repetitions":30}