{"Average Elapsed Time (s)":1.7049146901333334,"Average Evolution":[],"Average Objective":2701.0333333333333,"Best objectives":[2703.0,2703.0,2703.0,2703.0,2702.0,2703.0,2703.0,2703.0,2703.0,2703.0,2703.0,2700.0,2693.0,2703.0,2703.0,2693.0,2703.0,2703.0,2703.0,2703.0,2703.0,2697.0,2703.0,2703.0,2703.0,2703.0,2703.0,2693.0,2693.0,2694.0],"Repetitions":30}