{"Average Elapsed Time (s)":1.7066492756333338,"Average Evolution":[],"Average Objective":2683.9333333333334,"Best objectives":[2683.0,2663.0,2683.0,2663.0,2686.0,2692.0,2692.0,2693.0,2683.0,2683.0,2682.0,2683.0,2693.0,2693.0,2681.0,2683.0,2683.0,2692.0,2683.0,2683.0,2673.0,2692.0,2684.0,2687.0,2682.0,2683.0,2683.0,2683.0,2683.0,2691.0],"Repetitions":30}