{"Average Elapsed Time (s)":5.612193585966666,"Average Evolution":[[300000,12485.0]],"Average Objective":12808.366666666667,"Repetitions":30}