{"Average Elapsed Time (s)":1.3794134007333334,"Average Evolution":[[300000,75750.0]],"Average Objective":2647.233333333333,"Repetitions":30}