{"Average Elapsed Time (s)":13.999212418966666,"Average Evolution":[[300000,751200.0]],"Average Objective":26037.266666666666,"Repetitions":30}