{"Average Elapsed Time (s)":1.7009906475000003,"Average Evolution":[[300000,2522.0]],"Average Objective":2645.866666666667,"Repetitions":30}