{"Average Elapsed Time (s)":7.201739947000001,"Average Evolution":[[300000,12482.0]],"Average Objective":13243.166666666666,"Repetitions":30}