{"Average Elapsed Time (s)":6.144284899466668,"Average Evolution":[[300000,12447.0]],"Average Objective":12892.933333333332,"Repetitions":30}