{"Average Elapsed Time (s)":0.8396813013666666,"Average Evolution":[[300000,1353.0]],"Average Objective":1378.9666666666667,"Repetitions":30}