{"Average Elapsed Time (s)":0.8970218489333331,"Average Evolution":[[300000,1344.0]],"Average Objective":1387.8666666666666,"Repetitions":30}