{"Average Elapsed Time (s)":6.1421116600333345,"Average Evolution":[[300000,12437.0]],"Average Objective":12843.766666666666,"Repetitions":30}