{"Average Elapsed Time (s)":1.3658023391000003,"Average Evolution":[[300000,2539.0]],"Average Objective":2639.8333333333335,"Repetitions":30}