{"Average Elapsed Time (s)":1.696488912866667,"Average Evolution":[[300000,2590.0]],"Average Objective":2700.5333333333333,"Repetitions":30}