{"Average Elapsed Time (s)":0.8961342272333334,"Average Evolution":[],"Average Objective":1387.6666666666667,"Best objectives":[1395.0,1390.0,1403.0,1405.0,1386.0,1385.0,1382.0,1375.0,1381.0,1395.0,1384.0,1405.0,1389.0,1375.0,1383.0,1394.0,1391.0,1375.0,1405.0,1392.0,1394.0,1375.0,1381.0,1384.0,1375.0,1395.0,1394.0,1377.0,1364.0,1401.0],"Repetitions":30}