{"Average Elapsed Time (s)":1.4906763235000002,"Average Evolution":[[300000,74940.0]],"Average Objective":2638.733333333333,"Repetitions":30}