{"Average Elapsed Time (s)":10.961016803599998,"Average Evolution":[],"Average Objective":25578.533333333333,"Best objectives":[25636.0,25674.0,25756.0,25436.0,25495.0,25666.0,25566.0,25523.0,25588.0,25574.0,25558.0,25594.0,25546.0,25536.0,25649.0,25535.0,25386.0,25587.0,25412.0,25716.0,25846.0,25656.0,25476.0,25485.0,25606.0,25585.0,25532.0,25636.0,25546.0,25555.0],"Repetitions":30}