{"Average Elapsed Time (s)":1.6022494726666672,"Average Evolution":[[300000,77160.0]],"Average Objective":2678.0333333333333,"Repetitions":30}