Configuration,average_best_objective,average_elapsed_time,diff_with_optimal
Dynamic,2703.0,0.000658297,0
SSGA_PopSize32_Evals300K_MR0.100000_CR_0.700000_OMP_2,2553.8,0.5379640657,149.19999999999982
One-vs-OneGA_PopSize32_Evals300K_MR0.100000_CR_0.700000_SEQ,2552.1,0.5821821708,150.9000000000001
SSGA_PopSize32_Evals300K_MR0.100000_CR_0.700000_SEQ,2550.0,0.6066007794,153.0
One-vs-OneGA_PopSize32_Evals300K_MR0.050000_CR_0.800000_OMP_2,2546.1,0.4808251931000001,156.9000000000001
One-vs-OneGA_PopSize32_Evals300K_MR0.050000_CR_0.800000_SEQ,2542.5,0.5867536389000001,160.5
SSGA_PopSize32_Evals300K_MR0.050000_CR_0.800000_OMP_2,2545.5,0.46664178949999996,157.5
One-vs-OneGA_PopSize32_Evals300K_MR0.100000_CR_0.700000_OMP_2,2545.5,0.4916244635,157.5
SSGA_PopSize32_Evals300K_MR0.050000_CR_0.800000_SEQ,2544.4,0.5396388071,158.5999999999999
