Configuration,average_best_objective,average_elapsed_time,diff_with_optimal
Dynamic,26816.0,0.0887918,0
One-vs-OneGA_PopSize32_Evals300K_MR0.050000_CR_0.800000_SEQ,25050.7,3.4572111987999996,1765.2999999999993
SSGA_PopSize32_Evals300K_MR0.050000_CR_0.800000_OMP_2,25056.5,3.5817049112,1759.5
One-vs-OneGA_PopSize32_Evals300K_MR0.050000_CR_0.800000_OMP_2,25077.8,2.8756597313,1738.2000000000007
One-vs-OneGA_PopSize32_Evals300K_MR0.100000_CR_0.700000_OMP_2,25082.1,3.2438346983999997,1733.9000000000015
SSGA_PopSize32_Evals300K_MR0.100000_CR_0.700000_OMP_2,25053.3,4.1758908639,1762.7000000000007
SSGA_PopSize32_Evals300K_MR0.050000_CR_0.800000_SEQ,25079.0,3.5812656761000006,1737.0
One-vs-OneGA_PopSize32_Evals300K_MR0.100000_CR_0.700000_SEQ,25081.0,4.120700537399999,1735.0
SSGA_PopSize32_Evals300K_MR0.100000_CR_0.700000_SEQ,25060.7,4.071776284299999,1755.2999999999993
