Configuration,average_best_objective,average_elapsed_time,diff_with_optimal
Dynamic,13316.0,0.0170575,0
SSGA_PopSize32_Evals300K_MR0.050000_CR_0.800000_OMP_2,12503.6,1.5162786279000002,812.3999999999996
One-vs-OneGA_PopSize32_Evals300K_MR0.050000_CR_0.800000_OMP_2,12502.4,1.6150142083000003,813.6000000000004
One-vs-OneGA_PopSize32_Evals300K_MR0.100000_CR_0.700000_OMP_2,12519.4,1.6878417730000002,796.6000000000004
One-vs-OneGA_PopSize32_Evals300K_MR0.050000_CR_0.800000_SEQ,12478.5,2.0732190439999996,837.5
One-vs-OneGA_PopSize32_Evals300K_MR0.100000_CR_0.700000_SEQ,12479.3,2.111879742,836.7000000000007
SSGA_PopSize32_Evals300K_MR0.050000_CR_0.800000_SEQ,12515.5,1.9281345357000004,800.5
SSGA_PopSize32_Evals300K_MR0.100000_CR_0.700000_OMP_2,12485.5,1.744400156,830.5
SSGA_PopSize32_Evals300K_MR0.100000_CR_0.700000_SEQ,12509.6,2.1662540383,806.3999999999996
