Configuration,average_best_objective,average_elapsed_time,diff_with_optimal
Dynamic,1190.0,8.5502e-05,0
SSGA_PopSize32_Evals300K_MR0.050000_CR_0.800000_SEQ,1107.5,0.38018059989999997,82.5
One-vs-OneGA_PopSize32_Evals300K_MR0.050000_CR_0.800000_SEQ,1104.7,0.3781284638,85.29999999999995
One-vs-OneGA_PopSize32_Evals300K_MR0.050000_CR_0.800000_OMP_2,1114.0,0.33045324100000006,76.0
One-vs-OneGA_PopSize32_Evals300K_MR0.100000_CR_0.700000_SEQ,1107.5,0.41012246,82.5
One-vs-OneGA_PopSize32_Evals300K_MR0.100000_CR_0.700000_OMP_2,1106.2,0.3646598699,83.79999999999995
SSGA_PopSize32_Evals300K_MR0.100000_CR_0.700000_OMP_2,1110.7,0.3606190996,79.29999999999995
SSGA_PopSize32_Evals300K_MR0.050000_CR_0.800000_OMP_2,1102.5,0.33579905070000005,87.5
SSGA_PopSize32_Evals300K_MR0.100000_CR_0.700000_SEQ,1104.9,0.41141085850000003,85.09999999999991
