Configuration,average_best_objective,average_elapsed_time,diff_with_optimal
Dynamic,3045.0,0.000510712,0
SSGA_PopSize32_Evals300K_MR0.050000_CR_0.800000_OMP_2,3021.9,0.4416193807,23.09999999999991
One-vs-OneGA_PopSize32_Evals300K_MR0.050000_CR_0.800000_OMP_2,3020.7,0.48059142169999997,24.300000000000182
SSGA_PopSize32_Evals300K_MR0.050000_CR_0.800000_SEQ,3021.0,0.5423345082,24.0
SSGA_PopSize32_Evals300K_MR0.100000_CR_0.700000_SEQ,3021.9,0.5887157876,23.09999999999991
One-vs-OneGA_PopSize32_Evals300K_MR0.050000_CR_0.800000_SEQ,3021.6,0.5831875299000001,23.40000000000009
SSGA_PopSize32_Evals300K_MR0.100000_CR_0.700000_OMP_2,3020.8,0.5076238421999999,24.199999999999818
One-vs-OneGA_PopSize32_Evals300K_MR0.100000_CR_0.700000_SEQ,3020.3,0.5975180253,24.699999999999818
One-vs-OneGA_PopSize32_Evals300K_MR0.100000_CR_0.700000_OMP_2,3020.8,0.5026977551,24.199999999999818
