Configuration,average_best_objective,average_elapsed_time,diff_with_optimal
Dynamic,20613.0,0.0295741,0
One-vs-OneGA_PopSize32_Evals300K_MR0.050000_CR_0.800000_OMP_2,18827.7,3.0073671414000005,1785.2999999999993
One-vs-OneGA_PopSize32_Evals300K_MR0.100000_CR_0.700000_OMP_2,18765.1,3.4293731008000004,1847.9000000000015
One-vs-OneGA_PopSize32_Evals300K_MR0.050000_CR_0.800000_SEQ,18760.6,3.8605225532999996,1852.4000000000015
One-vs-OneGA_PopSize32_Evals300K_MR0.100000_CR_0.700000_SEQ,18788.9,4.2068434056,1824.0999999999985
SSGA_PopSize32_Evals300K_MR0.100000_CR_0.700000_SEQ,18814.6,4.4349107865,1798.4000000000015
SSGA_PopSize32_Evals300K_MR0.050000_CR_0.800000_SEQ,18790.8,3.7815355802999995,1822.2000000000007
SSGA_PopSize32_Evals300K_MR0.050000_CR_0.800000_OMP_2,18777.5,2.9712942605,1835.5
SSGA_PopSize32_Evals300K_MR0.100000_CR_0.700000_OMP_2,18769.7,3.5586656255,1843.2999999999993
