Configuration,average_best_objective,average_elapsed_time,diff_with_optimal
Dynamic,13303.0,0.010322,0
SSGA_PopSize32_Evals300K_MR0.050000_CR_0.800000_SEQ,12323.1,1.9772482773999998,979.8999999999996
One-vs-OneGA_PopSize32_Evals300K_MR0.100000_CR_0.700000_SEQ,12321.1,2.2233056798999997,981.8999999999996
SSGA_PopSize32_Evals300K_MR0.100000_CR_0.700000_SEQ,12329.4,2.2147784994000004,973.6000000000004
SSGA_PopSize32_Evals300K_MR0.100000_CR_0.700000_OMP_2,12324.2,1.7882358867999997,978.7999999999993
One-vs-OneGA_PopSize32_Evals300K_MR0.050000_CR_0.800000_OMP_2,12344.4,1.6497394460000003,958.6000000000004
One-vs-OneGA_PopSize32_Evals300K_MR0.050000_CR_0.800000_SEQ,12332.5,2.0472593262,970.5
SSGA_PopSize32_Evals300K_MR0.050000_CR_0.800000_OMP_2,12300.4,1.5540003701000003,1002.6000000000004
One-vs-OneGA_PopSize32_Evals300K_MR0.100000_CR_0.700000_OMP_2,12332.2,1.8133284627000001,970.7999999999993
