Configuration,average_best_objective,average_elapsed_time,diff_with_optimal
Dynamic,3223.0,0.000499176,0
SSGA_PopSize32_Evals300K_MR0.100000_CR_0.700000_SEQ,3047.3,0.7806456063,175.69999999999982
SSGA_PopSize32_Evals300K_MR0.050000_CR_0.800000_OMP_2,3045.6,0.7264463505000001,177.4000000000001
One-vs-OneGA_PopSize32_Evals300K_MR0.050000_CR_0.800000_OMP_2,3052.1,0.49570152750000007,170.9000000000001
SSGA_PopSize32_Evals300K_MR0.100000_CR_0.700000_OMP_2,3049.8,0.7829296037,173.19999999999982
SSGA_PopSize32_Evals300K_MR0.050000_CR_0.800000_SEQ,3022.8,0.7297021771999999,200.19999999999982
One-vs-OneGA_PopSize32_Evals300K_MR0.100000_CR_0.700000_OMP_2,3040.9,0.5067262538000001,182.0999999999999
One-vs-OneGA_PopSize32_Evals300K_MR0.050000_CR_0.800000_SEQ,3043.8,0.5975120879,179.19999999999982
One-vs-OneGA_PopSize32_Evals300K_MR0.100000_CR_0.700000_SEQ,3039.4,0.5961020669000001,183.5999999999999
