Configuration,average_best_objective,average_elapsed_time,diff_with_optimal
Dynamic,1675.0,0.00012608,0
One-vs-OneGA_PopSize32_Evals300K_MR0.050000_CR_0.800000_SEQ,1609.0,0.41104737480000003,66.0
SSGA_PopSize32_Evals300K_MR0.050000_CR_0.800000_OMP_2,1596.5,0.353388052,78.5
SSGA_PopSize32_Evals300K_MR0.100000_CR_0.700000_OMP_2,1594.4,0.39722359100000004,80.59999999999991
SSGA_PopSize32_Evals300K_MR0.100000_CR_0.700000_SEQ,1602.2,0.4173458456,72.79999999999995
SSGA_PopSize32_Evals300K_MR0.050000_CR_0.800000_SEQ,1591.1,0.3818722651,83.90000000000009
One-vs-OneGA_PopSize32_Evals300K_MR0.100000_CR_0.700000_OMP_2,1599.2,0.38040535200000003,75.79999999999995
One-vs-OneGA_PopSize32_Evals300K_MR0.050000_CR_0.800000_OMP_2,1609.0,0.36218833530000005,66.0
One-vs-OneGA_PopSize32_Evals300K_MR0.100000_CR_0.700000_SEQ,1593.6,0.41295999220000007,81.40000000000009
