Configuration,average_best_objective,average_elapsed_time,diff_with_optimal
Dynamic,32076.0,0.0865988,0
SSGA_PopSize32_Evals300K_MR0.050000_CR_0.800000_OMP_2,29965.0,3.1688577288,2111.0
One-vs-OneGA_PopSize32_Evals300K_MR0.100000_CR_0.700000_OMP_2,30047.4,3.7911744724000003,2028.5999999999985
SSGA_PopSize32_Evals300K_MR0.050000_CR_0.800000_SEQ,30080.9,4.004003642000001,1995.0999999999985
SSGA_PopSize32_Evals300K_MR0.100000_CR_0.700000_SEQ,30036.1,5.2467346578,2039.9000000000015
One-vs-OneGA_PopSize32_Evals300K_MR0.050000_CR_0.800000_SEQ,29999.9,4.1988310577,2076.0999999999985
One-vs-OneGA_PopSize32_Evals300K_MR0.050000_CR_0.800000_OMP_2,30034.8,3.2402080018000006,2041.2000000000007
SSGA_PopSize32_Evals300K_MR0.100000_CR_0.700000_OMP_2,30013.9,4.1850825788999995,2062.0999999999985
One-vs-OneGA_PopSize32_Evals300K_MR0.100000_CR_0.700000_SEQ,30035.9,4.6748421473,2040.0999999999985
