Configuration,average_best_objective,average_elapsed_time,diff_with_optimal
Dynamic,1345.0,0.000246196,0
SSGA_PopSize32_Evals300K_MR0.050000_CR_0.800000_SEQ,1343.4,0.5760557898,1.599999999999909
SSGA_PopSize32_Evals300K_MR0.050000_CR_0.800000_OMP_2,1344.3,0.5771491404,0.7000000000000455
SSGA_PopSize32_Evals300K_MR0.100000_CR_0.700000_OMP_2,1344.1,0.6159129198,0.900000000000091
SSGA_PopSize32_Evals300K_MR0.100000_CR_0.700000_SEQ,1344.2,0.6184600334,0.7999999999999545
One-vs-OneGA_PopSize32_Evals300K_MR0.100000_CR_0.700000_SEQ,1344.4,0.40878388680000005,0.599999999999909
One-vs-OneGA_PopSize32_Evals300K_MR0.100000_CR_0.700000_OMP_2,1344.4,0.3562969216,0.599999999999909
One-vs-OneGA_PopSize32_Evals300K_MR0.050000_CR_0.800000_SEQ,1343.9,0.44389684640000004,1.099999999999909
One-vs-OneGA_PopSize32_Evals300K_MR0.050000_CR_0.800000_OMP_2,1342.9,0.38604393950000004,2.099999999999909
