Configuration,average_best_objective,average_elapsed_time,diff_with_optimal
Dynamic,12446.0,0.0251584,0
One-vs-OneGA_PopSize32_Evals300K_MR0.050000_CR_0.800000_OMP_2,12444.1,1.5664187678999997,1.8999999999996362
SSGA_PopSize32_Evals300K_MR0.100000_CR_0.700000_OMP_2,12445.4,1.9557575983,0.6000000000003638
SSGA_PopSize32_Evals300K_MR0.050000_CR_0.800000_OMP_2,12443.6,1.5823053614,2.399999999999636
One-vs-OneGA_PopSize32_Evals300K_MR0.100000_CR_0.700000_OMP_2,12444.9,1.8208720774,1.1000000000003638
SSGA_PopSize32_Evals300K_MR0.050000_CR_0.800000_SEQ,12444.2,1.9573891383,1.7999999999992724
SSGA_PopSize32_Evals300K_MR0.100000_CR_0.700000_SEQ,12445.6,2.4677044012,0.3999999999996362
One-vs-OneGA_PopSize32_Evals300K_MR0.100000_CR_0.700000_SEQ,12445.7,2.2447295161,0.2999999999992724
One-vs-OneGA_PopSize32_Evals300K_MR0.050000_CR_0.800000_SEQ,12445.1,1.9628936015,0.8999999999996362
