Configuration,average_best_objective,average_elapsed_time,diff_with_optimal
Dynamic,2533.0,0.000927109,0
SSGA_PopSize32_Evals300K_MR0.050000_CR_0.800000_SEQ,2531.8,0.5488628055,1.199999999999818
SSGA_PopSize32_Evals300K_MR0.100000_CR_0.700000_OMP_2,2532.5,0.5722137442999999,0.5
SSGA_PopSize32_Evals300K_MR0.100000_CR_0.700000_SEQ,2532.2,0.7267274021000001,0.8000000000001819
SSGA_PopSize32_Evals300K_MR0.050000_CR_0.800000_OMP_2,2531.9,0.45874049050000004,1.099999999999909
One-vs-OneGA_PopSize32_Evals300K_MR0.100000_CR_0.700000_SEQ,2532.3,0.6107444809,0.6999999999998181
One-vs-OneGA_PopSize32_Evals300K_MR0.100000_CR_0.700000_OMP_2,2532.1,0.5205056814,0.900000000000091
One-vs-OneGA_PopSize32_Evals300K_MR0.050000_CR_0.800000_OMP_2,2532.5,0.44929000189999996,0.5
One-vs-OneGA_PopSize32_Evals300K_MR0.050000_CR_0.800000_SEQ,2531.8,0.5421716474,1.199999999999818
