Configuration,average_best_objective,average_elapsed_time,diff_with_optimal
Dynamic,24976.0,0.091052,0
SSGA_PopSize32_Evals300K_MR0.050000_CR_0.800000_SEQ,24975.5,3.8499855150999993,0.5
SSGA_PopSize32_Evals300K_MR0.100000_CR_0.700000_SEQ,24975.8,5.0208161345999995,0.2000000000007276
One-vs-OneGA_PopSize32_Evals300K_MR0.100000_CR_0.700000_SEQ,24975.9,4.8346535846,0.09999999999854481
SSGA_PopSize32_Evals300K_MR0.100000_CR_0.700000_OMP_2,24975.6,3.6826289349,0.4000000000014552
One-vs-OneGA_PopSize32_Evals300K_MR0.050000_CR_0.800000_SEQ,24975.2,3.7268660948000005,0.7999999999992724
One-vs-OneGA_PopSize32_Evals300K_MR0.100000_CR_0.700000_OMP_2,24975.3,3.5033840779000007,0.7000000000007276
One-vs-OneGA_PopSize32_Evals300K_MR0.050000_CR_0.800000_OMP_2,24975.5,3.1248339868999997,0.5
SSGA_PopSize32_Evals300K_MR0.050000_CR_0.800000_OMP_2,24974.6,3.1203477039,1.4000000000014552
