Configuration,average_best_objective,average_elapsed_time,diff_with_optimal
Dynamic,3832.0,0.00086314,0
One-vs-OneGA_PopSize32_Evals300K_MR0.100000_CR_0.700000_OMP_2,2804.1,0.5154319432,1027.9
SSGA_PopSize32_Evals300K_MR0.050000_CR_0.800000_SEQ,2837.7,0.5450683671000001,994.3000000000002
SSGA_PopSize32_Evals300K_MR0.100000_CR_0.700000_OMP_2,2878.7,0.5272518503,953.3000000000002
SSGA_PopSize32_Evals300K_MR0.100000_CR_0.700000_SEQ,2778.2,0.6352340389,1053.8000000000002
SSGA_PopSize32_Evals300K_MR0.050000_CR_0.800000_OMP_2,2835.8,0.47387497850000004,996.1999999999998
One-vs-OneGA_PopSize32_Evals300K_MR0.050000_CR_0.800000_OMP_2,2844.6,0.5051430352,987.4000000000001
One-vs-OneGA_PopSize32_Evals300K_MR0.050000_CR_0.800000_SEQ,2852.7,0.6056811049999999,979.3000000000002
One-vs-OneGA_PopSize32_Evals300K_MR0.100000_CR_0.700000_SEQ,2808.8,0.599730206,1023.1999999999998
