Configuration,average_best_objective,average_elapsed_time,diff_with_optimal
Dynamic,20718.0,0.0230782,0
SSGA_PopSize32_Evals300K_MR0.050000_CR_0.800000_SEQ,13499.8,2.0305045352,7218.200000000001
One-vs-OneGA_PopSize32_Evals300K_MR0.100000_CR_0.700000_SEQ,13668.8,2.2925521007999996,7049.200000000001
One-vs-OneGA_PopSize32_Evals300K_MR0.100000_CR_0.700000_OMP_2,13805.0,1.8545236078000003,6913.0
One-vs-OneGA_PopSize32_Evals300K_MR0.050000_CR_0.800000_SEQ,13425.7,1.9555177044,7292.299999999999
SSGA_PopSize32_Evals300K_MR0.100000_CR_0.700000_OMP_2,13626.5,2.0515980654000003,7091.5
SSGA_PopSize32_Evals300K_MR0.100000_CR_0.700000_SEQ,13653.2,2.5571535380999997,7064.799999999999
One-vs-OneGA_PopSize32_Evals300K_MR0.050000_CR_0.800000_OMP_2,13670.5,1.5688816024999999,7047.5
SSGA_PopSize32_Evals300K_MR0.050000_CR_0.800000_OMP_2,13660.6,1.5800006358999998,7057.4
