Configuration,average_best_objective,average_elapsed_time,diff_with_optimal
Dynamic,1969.0,0.00023609,0
SSGA_PopSize32_Evals300K_MR0.100000_CR_0.700000_SEQ,1592.1,0.6173035219000002,376.9000000000001
SSGA_PopSize32_Evals300K_MR0.100000_CR_0.700000_OMP_2,1583.3,0.6189507397,385.70000000000005
One-vs-OneGA_PopSize32_Evals300K_MR0.100000_CR_0.700000_SEQ,1508.7,0.4143572632,460.29999999999995
SSGA_PopSize32_Evals300K_MR0.050000_CR_0.800000_SEQ,1593.0,0.5637805276999999,376.0
One-vs-OneGA_PopSize32_Evals300K_MR0.050000_CR_0.800000_OMP_2,1546.3,0.36132924289999996,422.70000000000005
SSGA_PopSize32_Evals300K_MR0.050000_CR_0.800000_OMP_2,1544.9,0.5635633242000001,424.0999999999999
One-vs-OneGA_PopSize32_Evals300K_MR0.050000_CR_0.800000_SEQ,1514.2,0.4112550873000001,454.79999999999995
One-vs-OneGA_PopSize32_Evals300K_MR0.100000_CR_0.700000_OMP_2,1557.9,0.3592423941,411.0999999999999
