Configuration,average_best_objective,average_elapsed_time,diff_with_optimal
Dynamic,41175.0,0.0902305,0
SSGA_PopSize32_Evals300K_MR0.100000_CR_0.700000_SEQ,26986.0,5.2397456081,14189.0
One-vs-OneGA_PopSize32_Evals300K_MR0.050000_CR_0.800000_OMP_2,26856.5,3.2132420490999998,14318.5
One-vs-OneGA_PopSize32_Evals300K_MR0.100000_CR_0.700000_OMP_2,26807.0,3.6879135627000004,14368.0
SSGA_PopSize32_Evals300K_MR0.100000_CR_0.700000_OMP_2,27319.1,4.016672821,13855.900000000001
One-vs-OneGA_PopSize32_Evals300K_MR0.050000_CR_0.800000_SEQ,26907.2,3.9048431906000003,14267.8
SSGA_PopSize32_Evals300K_MR0.050000_CR_0.800000_SEQ,27086.6,3.8784415976999993,14088.400000000001
One-vs-OneGA_PopSize32_Evals300K_MR0.100000_CR_0.700000_SEQ,26878.3,4.4130741778,14296.7
SSGA_PopSize32_Evals300K_MR0.050000_CR_0.800000_OMP_2,26869.3,3.0502737900000003,14305.7
