{"Average Elapsed Time (s)":1.7009152301666672,"Average Evolution":[[300000,2967.0]],"Average Objective":3031.366666666667,"Repetitions":30}