{"Average Elapsed Time (s)":12.944564993999998,"Average Evolution":[[300000,564150.0]],"Average Objective":19956.833333333332,"Repetitions":30}