{"Average Elapsed Time (s)":11.896156767166667,"Average Evolution":[[300000,561150.0]],"Average Objective":19556.533333333333,"Repetitions":30}