{"Average Elapsed Time (s)":10.969975862233335,"Average Evolution":[],"Average Objective":19062.933333333334,"Best objectives":[19176.0,19083.0,19023.0,19217.0,19100.0,19040.0,19079.0,19065.0,18989.0,18775.0,19059.0,19236.0,18974.0,19287.0,18988.0,18962.0,19018.0,19031.0,19128.0,19142.0,19030.0,19029.0,19128.0,18866.0,19079.0,18993.0,18979.0,19180.0,19153.0,19079.0],"Repetitions":30}