{"Average Elapsed Time (s)":6.139957448833333,"Average Evolution":[[300000,12383.0]],"Average Objective":12687.466666666667,"Repetitions":30}