{"Average Elapsed Time (s)":1.4909562316333336,"Average Evolution":[[300000,90180.0]],"Average Objective":3029.5333333333333,"Repetitions":30}