{"Average Elapsed Time (s)":14.083138136866665,"Average Evolution":[[300000,18772.0]],"Average Objective":20257.666666666668,"Repetitions":30}