{"Average Elapsed Time (s)":1.3658902067999998,"Average Evolution":[[300000,3016.0]],"Average Objective":3030.1666666666665,"Repetitions":30}