{"Average Elapsed Time (s)":1.7086729406,"Average Evolution":[[300000,90090.0]],"Average Objective":3030.866666666667,"Repetitions":30}