{"Average Elapsed Time (s)":13.033309807433334,"Average Evolution":[[300000,18805.0]],"Average Objective":19811.033333333333,"Repetitions":30}