{"Average Elapsed Time (s)":14.002695405033336,"Average Evolution":[[300000,559650.0]],"Average Objective":19438.966666666667,"Repetitions":30}