{"Average Elapsed Time (s)":1.703375542733333,"Average Evolution":[],"Average Objective":3036.633333333333,"Best objectives":[3037.0,3037.0,3037.0,3039.0,3036.0,3037.0,3039.0,3037.0,3037.0,3035.0,3034.0,3037.0,3037.0,3037.0,3035.0,3038.0,3035.0,3035.0,3030.0,3039.0,3037.0,3037.0,3035.0,3035.0,3037.0,3037.0,3037.0,3038.0,3039.0,3039.0],"Repetitions":30}