{"Average Elapsed Time (s)":0.8955791485000001,"Average Evolution":[[300000,1094.0]],"Average Objective":1181.7333333333333,"Repetitions":30}