{"Average Elapsed Time (s)":0.8364495638666667,"Average Evolution":[[300000,1124.0]],"Average Objective":1176.0333333333333,"Repetitions":30}