{"Average Elapsed Time (s)":0.9598708858666666,"Average Evolution":[[300000,33390.0]],"Average Objective":1156.1666666666667,"Repetitions":30}