{"Average Elapsed Time (s)":1.5885207559999999,"Average Evolution":[[300000,3002.0]],"Average Objective":3027.866666666667,"Repetitions":30}