{"Average Elapsed Time (s)":0.8433590640333336,"Average Evolution":[[300000,32880.0]],"Average Objective":1164.4333333333334,"Repetitions":30}