{"Average Elapsed Time (s)":1.6022827665333332,"Average Evolution":[[300000,90540.0]],"Average Objective":3034.266666666667,"Repetitions":30}