{"Average Elapsed Time (s)":6.669036339566667,"Average Evolution":[[300000,12338.0]],"Average Objective":12577.666666666666,"Repetitions":30}