{"Average Elapsed Time (s)":0.9534156402333331,"Average Evolution":[],"Average Objective":1175.8666666666666,"Best objectives":[1175.0,1175.0,1182.0,1190.0,1175.0,1168.0,1175.0,1175.0,1183.0,1182.0,1183.0,1184.0,1169.0,1139.0,1182.0,1175.0,1160.0,1182.0,1169.0,1169.0,1168.0,1182.0,1170.0,1168.0,1175.0,1183.0,1183.0,1190.0,1175.0,1190.0],"Repetitions":30}