{"Average Elapsed Time (s)":10.861040718800004,"Average Evolution":[[300000,565020.0]],"Average Objective":19039.033333333333,"Repetitions":30}