{"Average Elapsed Time (s)":1.5856984845666664,"Average Evolution":[[300000,3029.0]],"Average Objective":3034.366666666667,"Repetitions":30}