{"Average Elapsed Time (s)":1.3707645614333333,"Average Evolution":[],"Average Objective":3030.633333333333,"Best objectives":[3031.0,3028.0,3029.0,3033.0,3036.0,3029.0,3028.0,3037.0,3026.0,3027.0,3028.0,3033.0,3031.0,3031.0,3033.0,3031.0,3028.0,3030.0,3029.0,3029.0,3035.0,3029.0,3033.0,3029.0,3031.0,3031.0,3029.0,3033.0,3029.0,3033.0],"Repetitions":30}