{"Average Elapsed Time (s)":7.169671606833335,"Average Evolution":[[300000,368340.0]],"Average Objective":12706.966666666667,"Repetitions":30}