{"Average Elapsed Time (s)":6.704683449433334,"Average Evolution":[],"Average Objective":12917.733333333334,"Best objectives":[12881.0,12925.0,12916.0,13013.0,12973.0,12832.0,12925.0,12859.0,12854.0,13039.0,12942.0,12960.0,12903.0,12753.0,12775.0,12925.0,13004.0,12947.0,12916.0,13017.0,12872.0,12793.0,13065.0,12920.0,12894.0,12925.0,12973.0,12837.0,12925.0,12969.0],"Repetitions":30}