{"Average Elapsed Time (s)":1.478224784766667,"Average Evolution":[[300000,3015.0]],"Average Objective":3027.4666666666667,"Repetitions":30}