{"Average Elapsed Time (s)":0.9565264744000002,"Average Evolution":[[300000,33060.0]],"Average Objective":1182.4666666666667,"Repetitions":30}