{"Average Elapsed Time (s)":1.0135734974333335,"Average Evolution":[],"Average Objective":1169.2333333333333,"Best objectives":[1161.0,1160.0,1176.0,1182.0,1175.0,1184.0,1183.0,1175.0,1160.0,1168.0,1183.0,1175.0,1183.0,1168.0,1175.0,1183.0,1168.0,1160.0,1153.0,1154.0,1153.0,1161.0,1161.0,1168.0,1175.0,1154.0,1139.0,1175.0,1182.0,1183.0],"Repetitions":30}