{"Average Elapsed Time (s)":1.0155462128333335,"Average Evolution":[[300000,34170.0]],"Average Objective":1185.6333333333334,"Repetitions":30}