{"Average Elapsed Time (s)":1.5928690961000003,"Average Evolution":[],"Average Objective":3030.9333333333334,"Best objectives":[3026.0,3031.0,3031.0,3034.0,3032.0,3031.0,3027.0,3031.0,3033.0,3029.0,3031.0,3030.0,3034.0,3028.0,3028.0,3035.0,3033.0,3035.0,3031.0,3028.0,3031.0,3029.0,3033.0,3033.0,3032.0,3033.0,3029.0,3029.0,3028.0,3033.0],"Repetitions":30}