{"Average Elapsed Time (s)":7.167701007533334,"Average Evolution":[[300000,369510.0]],"Average Objective":13166.033333333333,"Repetitions":30}