{"Average Elapsed Time (s)":0.9576074477,"Average Evolution":[[300000,32280.0]],"Average Objective":1186.3333333333333,"Repetitions":30}