{"Average Elapsed Time (s)":10.848136083166667,"Average Evolution":[[300000,562560.0]],"Average Objective":19247.966666666667,"Repetitions":30}