{"Average Elapsed Time (s)":7.238394961100001,"Average Evolution":[],"Average Objective":13243.733333333334,"Best objectives":[13233.0,13259.0,13255.0,13263.0,13224.0,13206.0,13241.0,13202.0,13259.0,13268.0,13259.0,13211.0,13233.0,13233.0,13224.0,13281.0,13259.0,13259.0,13246.0,13272.0,13233.0,13259.0,13193.0,13237.0,13237.0,13277.0,13233.0,13233.0,13268.0,13255.0],"Repetitions":30}