{"Average Elapsed Time (s)":0.8970666600333331,"Average Evolution":[[300000,1068.0]],"Average Objective":1145.0333333333333,"Repetitions":30}