{"Average Elapsed Time (s)":0.9543936212333333,"Average Evolution":[[300000,1026.0]],"Average Objective":1152.2666666666667,"Repetitions":30}