{"Average Elapsed Time (s)":0.8380551781666669,"Average Evolution":[],"Average Objective":1161.4333333333334,"Best objectives":[1183.0,1146.0,1176.0,1168.0,1169.0,1153.0,1153.0,1116.0,1146.0,1183.0,1161.0,1175.0,1183.0,1160.0,1160.0,1175.0,1168.0,1125.0,1160.0,1160.0,1175.0,1131.0,1169.0,1153.0,1182.0,1175.0,1168.0,1147.0,1176.0,1147.0],"Repetitions":30}