{"Average Elapsed Time (s)":1.5949886592,"Average Evolution":[],"Average Objective":3032.766666666667,"Best objectives":[3032.0,3029.0,3031.0,3037.0,3031.0,3031.0,3031.0,3037.0,3033.0,3037.0,3035.0,3032.0,3035.0,3031.0,3031.0,3033.0,3031.0,3039.0,3031.0,3031.0,3029.0,3033.0,3037.0,3033.0,3028.0,3031.0,3033.0,3033.0,3033.0,3035.0],"Repetitions":30}