{"Average Elapsed Time (s)":6.143446429533335,"Average Evolution":[[300000,12358.0]],"Average Objective":12784.966666666667,"Repetitions":30}