{"Average Elapsed Time (s)":7.240508683166667,"Average Evolution":[],"Average Objective":13184.466666666667,"Best objectives":[13180.0,13193.0,13215.0,13149.0,13228.0,13215.0,13193.0,13211.0,13189.0,13180.0,13057.0,13145.0,13180.0,13149.0,13193.0,13246.0,13180.0,13215.0,13136.0,13171.0,13114.0,13215.0,13197.0,13211.0,13193.0,13215.0,13158.0,13202.0,13171.0,13233.0],"Repetitions":30}