{"Average Elapsed Time (s)":6.114357165866667,"Average Evolution":[[300000,372990.0]],"Average Objective":12698.666666666666,"Repetitions":30}