{"Average Elapsed Time (s)":1.3805365515000003,"Average Evolution":[[300000,90510.0]],"Average Objective":3031.766666666667,"Repetitions":30}