{"Average Elapsed Time (s)":11.969160377633333,"Average Evolution":[[300000,18774.0]],"Average Objective":19097.266666666666,"Repetitions":30}