{"Average Elapsed Time (s)":1.5960830725333333,"Average Evolution":[],"Average Objective":3028.5666666666666,"Best objectives":[3030.0,3031.0,3025.0,3025.0,3027.0,3029.0,3031.0,3031.0,3027.0,3031.0,3027.0,3029.0,3031.0,3026.0,3029.0,3025.0,3029.0,3030.0,3029.0,3024.0,3029.0,3029.0,3031.0,3035.0,3031.0,3025.0,3027.0,3027.0,3029.0,3028.0],"Repetitions":30}