{"Average Elapsed Time (s)":1.4829538631333334,"Average Evolution":[],"Average Objective":3029.9666666666667,"Best objectives":[3033.0,3029.0,3031.0,3031.0,3025.0,3031.0,3032.0,3029.0,3029.0,3035.0,3033.0,3024.0,3026.0,3031.0,3033.0,3030.0,3031.0,3031.0,3031.0,3031.0,3031.0,3029.0,3031.0,3027.0,3029.0,3031.0,3029.0,3028.0,3027.0,3031.0],"Repetitions":30}