{"Average Elapsed Time (s)":6.707007919533333,"Average Evolution":[],"Average Objective":12578.533333333333,"Best objectives":[12484.0,12498.0,12595.0,12441.0,12524.0,12726.0,12709.0,12683.0,12533.0,12733.0,12520.0,12498.0,12325.0,12375.0,12458.0,12705.0,12568.0,12691.0,12630.0,12630.0,12608.0,12630.0,12743.0,12564.0,12639.0,12489.0,12630.0,12643.0,12520.0,12564.0],"Repetitions":30}