{"Average Elapsed Time (s)":1.0151567941666668,"Average Evolution":[[300000,33570.0]],"Average Objective":1189.5666666666666,"Repetitions":30}