{"Average Elapsed Time (s)":6.672136333766667,"Average Evolution":[[300000,12316.0]],"Average Objective":13004.966666666667,"Repetitions":30}