{"Average Elapsed Time (s)":1.010639091866667,"Average Evolution":[],"Average Objective":1189.7666666666667,"Best objectives":[1190.0,1190.0,1190.0,1190.0,1190.0,1190.0,1190.0,1190.0,1190.0,1190.0,1190.0,1190.0,1190.0,1190.0,1190.0,1190.0,1190.0,1190.0,1190.0,1190.0,1190.0,1183.0,1190.0,1190.0,1190.0,1190.0,1190.0,1190.0,1190.0,1190.0],"Repetitions":30}