{"Average Elapsed Time (s)":7.165782907466666,"Average Evolution":[[300000,368760.0]],"Average Objective":13240.766666666666,"Repetitions":30}