{"Average Elapsed Time (s)":1.7094022677666667,"Average Evolution":[[300000,90720.0]],"Average Objective":3036.5666666666666,"Repetitions":30}