{"Average Elapsed Time (s)":1.3837578344999997,"Average Evolution":[[300000,90030.0]],"Average Objective":3026.8333333333335,"Repetitions":30}