{"Average Elapsed Time (s)":6.1717078924000015,"Average Evolution":[],"Average Objective":12885.466666666667,"Best objectives":[12863.0,12938.0,12793.0,12757.0,12969.0,12973.0,12859.0,12837.0,12815.0,12806.0,12731.0,12969.0,12907.0,12916.0,12797.0,12995.0,12881.0,12731.0,12969.0,12969.0,12859.0,12859.0,12885.0,12903.0,12973.0,12920.0,12973.0,12938.0,12903.0,12876.0],"Repetitions":30}