{"Average Elapsed Time (s)":0.9009367388666668,"Average Evolution":[[300000,33270.0]],"Average Objective":1178.9666666666667,"Repetitions":30}