{"Average Elapsed Time (s)":14.161264466266665,"Average Evolution":[],"Average Objective":20245.366666666665,"Best objectives":[20193.0,20290.0,20239.0,20281.0,20262.0,20323.0,20108.0,20169.0,20197.0,20262.0,20290.0,20263.0,20309.0,20254.0,20248.0,20169.0,20295.0,20202.0,20332.0,20239.0,20281.0,20155.0,20295.0,20253.0,20239.0,20234.0,20234.0,20230.0,20262.0,20253.0],"Repetitions":30}