{"Average Elapsed Time (s)":0.9535384116333335,"Average Evolution":[[300000,1105.0]],"Average Objective":1178.1666666666667,"Repetitions":30}