{"Average Elapsed Time (s)":1.6961393888333338,"Average Evolution":[[300000,3016.0]],"Average Objective":3038.366666666667,"Repetitions":30}