{"Average Elapsed Time (s)":1.4765840891333333,"Average Evolution":[[300000,3028.0]],"Average Objective":3030.633333333333,"Repetitions":30}