{"Average Elapsed Time (s)":6.139897175866668,"Average Evolution":[[300000,12368.0]],"Average Objective":12866.533333333333,"Repetitions":30}