{"Average Elapsed Time (s)":1.3651651807666667,"Average Evolution":[[300000,3019.0]],"Average Objective":3029.766666666667,"Repetitions":30}