{"Average Elapsed Time (s)":1.5995200600000001,"Average Evolution":[[300000,90300.0]],"Average Objective":3030.5666666666666,"Repetitions":30}