{"Average Elapsed Time (s)":10.9069200667,"Average Evolution":[[300000,18758.0]],"Average Objective":19241.166666666668,"Repetitions":30}