{"Average Elapsed Time (s)":12.943578984800002,"Average Evolution":[[300000,564720.0]],"Average Objective":19788.066666666666,"Repetitions":30}