{"Average Elapsed Time (s)":6.668712815700001,"Average Evolution":[[300000,12302.0]],"Average Objective":12781.833333333334,"Repetitions":30}