{"Average Elapsed Time (s)":0.8952423599333331,"Average Evolution":[[300000,1093.0]],"Average Objective":1179.2333333333333,"Repetitions":30}