{"Average Elapsed Time (s)":1.5941565596999998,"Average Evolution":[],"Average Objective":3034.766666666667,"Best objectives":[3037.0,3035.0,3033.0,3035.0,3031.0,3035.0,3033.0,3035.0,3035.0,3033.0,3033.0,3033.0,3035.0,3037.0,3035.0,3039.0,3037.0,3039.0,3032.0,3033.0,3037.0,3035.0,3030.0,3033.0,3035.0,3035.0,3034.0,3037.0,3039.0,3033.0],"Repetitions":30}