{"Average Elapsed Time (s)":1.3735708344666666,"Average Evolution":[],"Average Objective":3025.9666666666667,"Best objectives":[3025.0,3025.0,3029.0,3031.0,3026.0,3026.0,3024.0,3031.0,3023.0,3024.0,3029.0,3022.0,3026.0,3025.0,3022.0,3022.0,3025.0,3027.0,3026.0,3031.0,3030.0,3025.0,3027.0,3027.0,3025.0,3018.0,3028.0,3028.0,3023.0,3029.0],"Repetitions":30}