{"Average Elapsed Time (s)":6.6415412615,"Average Evolution":[[300000,369300.0]],"Average Objective":12800.933333333332,"Repetitions":30}