{"Average Elapsed Time (s)":5.608828635933334,"Average Evolution":[[300000,12300.0]],"Average Objective":12790.366666666667,"Repetitions":30}