{"Average Elapsed Time (s)":5.6120598363999985,"Average Evolution":[[300000,12323.0]],"Average Objective":12598.833333333334,"Repetitions":30}