{"Average Elapsed Time (s)":0.8959635360000001,"Average Evolution":[],"Average Objective":1163.2333333333333,"Best objectives":[1139.0,1160.0,1182.0,1140.0,1175.0,1175.0,1168.0,1153.0,1154.0,1140.0,1182.0,1169.0,1168.0,1176.0,1162.0,1160.0,1146.0,1182.0,1175.0,1169.0,1168.0,1160.0,1176.0,1162.0,1153.0,1168.0,1161.0,1131.0,1168.0,1175.0],"Repetitions":30}