{"Average Elapsed Time (s)":14.158705866300005,"Average Evolution":[],"Average Objective":19933.266666666666,"Best objectives":[19983.0,19889.0,19988.0,19800.0,19805.0,20038.0,19954.0,19988.0,19820.0,19862.0,20015.0,20142.0,19651.0,19996.0,19800.0,19876.0,19959.0,19898.0,20015.0,19973.0,19954.0,19950.0,20034.0,19927.0,19978.0,19898.0,20034.0,19876.0,19926.0,19969.0],"Repetitions":30}