{"Average Elapsed Time (s)":14.151816916000003,"Average Evolution":[],"Average Objective":19386.833333333332,"Best objectives":[19366.0,19483.0,19366.0,19352.0,19273.0,19380.0,19353.0,19348.0,19343.0,19618.0,19469.0,19394.0,19427.0,19488.0,19367.0,19339.0,19413.0,19423.0,19279.0,19441.0,19245.0,19380.0,19436.0,19614.0,19380.0,19301.0,19410.0,19236.0,19422.0,19259.0],"Repetitions":30}