{"Average Elapsed Time (s)":14.082359709366667,"Average Evolution":[[300000,18687.0]],"Average Objective":19948.766666666666,"Repetitions":30}