{"Average Elapsed Time (s)":11.967454836266672,"Average Evolution":[[300000,18676.0]],"Average Objective":19566.866666666665,"Repetitions":30}