{"Average Elapsed Time (s)":1.381190968733334,"Average Evolution":[[300000,90690.0]],"Average Objective":3030.1666666666665,"Repetitions":30}