{"Average Elapsed Time (s)":0.8431849534333333,"Average Evolution":[[300000,32880.0]],"Average Objective":1176.5333333333333,"Repetitions":30}