{"Average Elapsed Time (s)":1.3804396404666668,"Average Evolution":[[300000,90390.0]],"Average Objective":3028.266666666667,"Repetitions":30}