{"Average Elapsed Time (s)":6.640029588700001,"Average Evolution":[[300000,371670.0]],"Average Objective":13024.466666666667,"Repetitions":30}