{"Average Elapsed Time (s)":1.4899773818,"Average Evolution":[[300000,90750.0]],"Average Objective":3031.1666666666665,"Repetitions":30}