{"Average Elapsed Time (s)":1.0143752587000001,"Average Evolution":[[300000,33120.0]],"Average Objective":1189.0666666666666,"Repetitions":30}