{"Average Elapsed Time (s)":5.608985697766667,"Average Evolution":[[0,12390.0],[10000,12529.0],[20000,12537.0],[30000,12537.0],[40000,12537.0],[50000,12537.0],[60000,12537.0],[70000,12537.0],[80000,12537.0],[90000,12537.0],[100000,12537.0],[110000,12537.0],[120000,12537.0],[130000,12537.0],[140000,12537.0],[150000,12537.0],[160000,12537.0],[170000,12537.0],[180000,12537.0],[190000,12537.0],[200000,12537.0],[210000,12537.0],[220000,12537.0],[230000,12537.0],[240000,12537.0],[250000,12537.0],[260000,12537.0],[270000,12537.0],[280000,12537.0],[290000,12537.0],[300000,12537.0]],"Average Objective":12473.233333333334,"Repetitions":30}