{"Average Elapsed Time (s)":0.9526045820666666,"Average Evolution":[],"Average Objective":1186.6333333333334,"Best objectives":[1190.0,1190.0,1184.0,1176.0,1190.0,1190.0,1183.0,1190.0,1190.0,1190.0,1183.0,1190.0,1184.0,1183.0,1190.0,1190.0,1190.0,1190.0,1183.0,1190.0,1184.0,1183.0,1190.0,1184.0,1175.0,1190.0,1183.0,1184.0,1190.0,1190.0],"Repetitions":30}