{"Average Elapsed Time (s)":1.5989410229333336,"Average Evolution":[[300000,90600.0]],"Average Objective":3028.4666666666667,"Repetitions":30}