{"Average Elapsed Time (s)":1.0125497022333334,"Average Evolution":[[300000,1079.0]],"Average Objective":1184.8666666666666,"Repetitions":30}