{"Average Elapsed Time (s)":12.0308468602,"Average Evolution":[],"Average Objective":19564.633333333335,"Best objectives":[19620.0,19539.0,19455.0,19344.0,19670.0,19707.0,19469.0,19581.0,19450.0,19707.0,19231.0,19646.0,19562.0,19665.0,19534.0,19563.0,19512.0,19329.0,19707.0,19540.0,19535.0,19651.0,19590.0,19680.0,19674.0,19665.0,19498.0,19503.0,19656.0,19656.0],"Repetitions":30}