{"Average Elapsed Time (s)":0.9579411152,"Average Evolution":[[300000,33540.0]],"Average Objective":1177.6333333333334,"Repetitions":30}