{"Average Elapsed Time (s)":0.8952631744333334,"Average Evolution":[],"Average Objective":1180.5333333333333,"Best objectives":[1182.0,1184.0,1182.0,1183.0,1183.0,1183.0,1175.0,1182.0,1184.0,1168.0,1176.0,1182.0,1190.0,1160.0,1182.0,1182.0,1183.0,1184.0,1175.0,1184.0,1169.0,1190.0,1190.0,1183.0,1183.0,1182.0,1175.0,1182.0,1168.0,1190.0],"Repetitions":30}