{"Average Elapsed Time (s)":1.7030059181333332,"Average Evolution":[],"Average Objective":3037.866666666667,"Best objectives":[3033.0,3039.0,3035.0,3037.0,3041.0,3037.0,3038.0,3037.0,3041.0,3037.0,3040.0,3037.0,3041.0,3041.0,3039.0,3039.0,3035.0,3037.0,3033.0,3037.0,3035.0,3035.0,3039.0,3039.0,3039.0,3037.0,3041.0,3035.0,3043.0,3039.0],"Repetitions":30}