{"Average Elapsed Time (s)":0.8372920568000003,"Average Evolution":[[300000,1078.0]],"Average Objective":1174.7666666666667,"Repetitions":30}