{"Average Elapsed Time (s)":1.4915096233333336,"Average Evolution":[[300000,90390.0]],"Average Objective":3032.866666666667,"Repetitions":30}