{"Average Elapsed Time (s)":1.588264355766667,"Average Evolution":[[300000,3027.0]],"Average Objective":3033.4666666666667,"Repetitions":30}