{"Average Elapsed Time (s)":7.206334982266668,"Average Evolution":[[300000,12311.0]],"Average Objective":13169.833333333334,"Repetitions":30}