{"Average Elapsed Time (s)":5.589632200766666,"Average Evolution":[[300000,371070.0]],"Average Objective":12710.866666666667,"Repetitions":30}