{"Average Elapsed Time (s)":6.117211516033334,"Average Evolution":[[300000,368970.0]],"Average Objective":12756.566666666668,"Repetitions":30}