{"Average Elapsed Time (s)":1.5883247152333333,"Average Evolution":[[300000,3013.0]],"Average Objective":3031.5666666666666,"Repetitions":30}