{"Average Elapsed Time (s)":0.8975781506666668,"Average Evolution":[[300000,1109.0]],"Average Objective":1169.4333333333334,"Repetitions":30}