{"Average Elapsed Time (s)":1.0129486865000004,"Average Evolution":[[300000,1078.0]],"Average Objective":1167.6333333333334,"Repetitions":30}