{"Average Elapsed Time (s)":1.0170381118333334,"Average Evolution":[[300000,32640.0]],"Average Objective":1168.3666666666666,"Repetitions":30}