{"Average Elapsed Time (s)":10.913331146933336,"Average Evolution":[[300000,18724.0]],"Average Objective":19401.566666666666,"Repetitions":30}