{"Average Elapsed Time (s)":0.9003433333666667,"Average Evolution":[[300000,32190.0]],"Average Objective":1171.5333333333333,"Repetitions":30}